transaction_id,apply_at,pay_at
2560,2023-01-01,2023-01-08
2844,2023-01-01,2023-01-06
1878,2023-01-01,
2374,2023-01-01,2023-01-02
3923,2023-01-01,2023-01-08
574,2023-01-01,
3620,2023-01-01,2023-01-25
3747,2023-01-01,
2911,2023-01-01,2023-01-09
1601,2023-01-01,2023-01-15
1375,2023-01-01,2023-01-13
3808,2023-01-01,2023-01-10
3600,2023-01-01,2023-01-08
3596,2023-01-01,
929,2023-01-01,
1429,2023-01-01,
3252,2023-01-01,2023-01-20
3086,2023-01-01,
386,2023-01-01,2023-01-05
613,2023-01-01,
127,2023-01-01,
688,2023-01-01,2023-01-02
3838,2023-01-01,2023-01-01
2069,2023-01-01,2023-02-07
1356,2023-01-01,
3601,2023-01-01,2023-01-04
1142,2023-01-01,
2440,2023-01-01,
847,2023-01-01,2023-01-07
627,2023-01-01,2023-02-04
319,2023-01-01,2023-01-14
142,2023-01-01,2023-01-03
2032,2023-01-01,2023-01-01
64,2023-01-01,2023-01-06
63,2023-01-01,2023-01-07
3529,2023-01-01,
90,2023-01-01,
2784,2023-01-01,
1527,2023-01-01,2023-01-23
3702,2023-01-01,2023-01-17
412,2023-01-01,2023-01-07
1773,2023-01-01,
1554,2023-01-01,2023-01-23
3468,2023-01-01,2023-01-05
1038,2023-01-01,
3866,2023-01-01,2023-01-03
37,2023-01-01,
2988,2023-01-01,2023-01-17
432,2023-01-01,
1620,2023-01-01,
3867,2023-01-01,2023-01-03
2002,2023-01-01,
4,2023-01-01,2023-01-11
3429,2023-01-01,2023-01-11
3998,2023-01-01,
1307,2023-01-01,
2591,2023-01-01,
123,2023-01-01,
2960,2023-01-01,
945,2023-01-01,
3800,2023-01-01,
737,2023-01-01,2023-01-05
174,2023-01-01,2023-01-06
3795,2023-01-01,
1469,2023-01-01,2023-01-14
531,2023-01-01,2023-01-08
2585,2023-01-01,2023-01-15
2338,2023-01-01,2023-01-12
3493,2023-01-01,2023-01-06
2265,2023-01-01,2023-01-03
1016,2023-01-01,
3339,2023-01-01,2023-01-01
2476,2023-01-02,
1629,2023-01-02,2023-01-09
3081,2023-01-02,
3083,2023-01-02,
2187,2023-01-02,2023-01-07
736,2023-01-02,
1790,2023-01-02,2023-01-08
3318,2023-01-02,2023-01-08
3741,2023-01-02,2023-01-05
1415,2023-01-02,
462,2023-01-02,
2322,2023-01-02,2023-01-18
1303,2023-01-02,2023-01-26
2221,2023-01-02,
1328,2023-01-02,
1734,2023-01-02,2023-01-02
3491,2023-01-02,
3755,2023-01-02,2023-01-02
541,2023-01-02,2023-01-05
3310,2023-01-02,
1337,2023-01-02,
3289,2023-01-02,
162,2023-01-02,2023-01-05
1339,2023-01-02,2023-01-07
1188,2023-01-02,
572,2023-01-02,
3276,2023-01-02,
2436,2023-01-02,
706,2023-01-02,2023-01-07
2064,2023-01-02,2023-02-01
1861,2023-01-02,
3902,2023-01-02,
2139,2023-01-02,
2606,2023-01-02,2023-01-05
3937,2023-01-02,
2532,2023-01-02,2023-01-14
326,2023-01-02,2023-01-16
874,2023-01-02,
1749,2023-01-02,
2036,2023-01-02,
18,2023-01-02,2023-02-01
1104,2023-01-02,2023-01-04
1139,2023-01-02,
981,2023-01-02,
2746,2023-01-02,2023-01-04
959,2023-01-02,
1750,2023-01-02,2023-01-02
2773,2023-01-02,2023-01-05
1605,2023-01-02,
1376,2023-01-02,
49,2023-01-02,2023-01-24
2044,2023-01-02,2023-01-24
249,2023-01-02,2023-01-02
2785,2023-01-02,
3688,2023-01-02,
78,2023-01-02,
3989,2023-01-02,
79,2023-01-02,2023-01-03
1746,2023-01-02,
2904,2023-01-02,2023-01-12
3720,2023-01-02,2023-01-08
3436,2023-01-02,2023-02-03
3570,2023-01-02,
1962,2023-01-02,
1621,2023-01-02,2023-01-20
782,2023-01-02,2023-01-06
2184,2023-01-02,
1424,2023-01-03,
949,2023-01-03,2023-01-03
1801,2023-01-03,2023-01-16
3805,2023-01-03,2023-01-09
2367,2023-01-03,
169,2023-01-03,2023-01-15
2749,2023-01-03,2023-01-11
1657,2023-01-03,2023-01-10
971,2023-01-03,2023-01-18
2747,2023-01-03,
1912,2023-01-03,
2117,2023-01-03,
198,2023-01-03,2023-01-09
2618,2023-01-03,2023-01-04
2638,2023-01-03,
1999,2023-01-03,2023-01-04
278,2023-01-03,
2254,2023-01-03,2023-01-17
185,2023-01-03,2023-01-10
497,2023-01-03,
2571,2023-01-03,
1181,2023-01-03,
888,2023-01-03,
1462,2023-01-03,2023-01-05
1206,2023-01-03,
3551,2023-01-03,
3674,2023-01-03,
727,2023-01-03,
3734,2023-01-03,
355,2023-01-03,2023-01-03
655,2023-01-03,
1627,2023-01-03,
3047,2023-01-03,
3170,2023-01-03,2023-01-03
3910,2023-01-03,
1645,2023-01-03,2023-01-05
885,2023-01-03,
2278,2023-01-03,
147,2023-01-03,
3818,2023-01-03,2023-01-26
349,2023-01-03,2023-01-05
1257,2023-01-03,2023-01-09
2378,2023-01-03,
3018,2023-01-03,2023-01-05
1607,2023-01-03,
754,2023-01-03,2023-01-13
1606,2023-01-03,2023-01-03
3717,2023-01-03,2023-01-24
1782,2023-01-03,
708,2023-01-03,
2046,2023-01-03,
3589,2023-01-04,2023-01-12
337,2023-01-04,
2263,2023-01-04,2023-01-18
3547,2023-01-04,2023-01-04
289,2023-01-04,
301,2023-01-04,2023-01-14
394,2023-01-04,2023-01-04
3530,2023-01-04,
1373,2023-01-04,2023-01-12
296,2023-01-04,
2269,2023-01-04,2023-01-06
1320,2023-01-04,2023-01-07
1208,2023-01-04,
2088,2023-01-04,2023-01-05
2914,2023-01-04,
2907,2023-01-04,2023-01-04
2512,2023-01-04,
854,2023-01-04,2023-01-18
870,2023-01-04,2023-01-14
1769,2023-01-04,
2850,2023-01-04,2023-01-11
2550,2023-01-04,
2795,2023-01-04,2023-01-12
924,2023-01-04,
2938,2023-01-04,2023-01-08
1118,2023-01-04,2023-01-18
2562,2023-01-04,2023-01-07
2734,2023-01-04,2023-01-21
2584,2023-01-04,2023-01-14
2666,2023-01-04,2023-01-09
2659,2023-01-04,
2652,2023-01-04,
1580,2023-01-04,
1042,2023-01-04,2023-01-13
1043,2023-01-04,2023-01-07
1583,2023-01-04,
931,2023-01-04,
811,2023-01-04,2023-01-04
802,2023-01-04,2023-01-10
796,2023-01-04,2023-01-13
3366,2023-01-04,
1293,2023-01-04,2023-01-10
3354,2023-01-04,
3346,2023-01-04,2023-01-20
1659,2023-01-04,2023-01-05
539,2023-01-04,
1276,2023-01-04,
1915,2023-01-04,2023-01-10
3284,2023-01-04,2023-01-04
569,2023-01-04,2023-01-31
581,2023-01-04,2023-01-10
603,2023-01-04,2023-01-15
607,2023-01-04,
1253,2023-01-04,2023-02-05
2384,2023-01-04,2023-02-16
2071,2023-01-04,
2444,2023-01-04,
2448,2023-01-04,
3123,2023-01-04,2023-01-11
2457,2023-01-04,
1945,2023-01-04,
742,2023-01-04,2023-01-18
3002,2023-01-04,2023-01-25
3467,2023-01-04,
258,2023-01-04,
1482,2023-01-04,
3869,2023-01-04,2023-01-20
3844,2023-01-04,2023-01-15
3878,2023-01-04,2023-01-15
3758,2023-01-04,2023-01-15
6,2023-01-04,2023-01-04
3813,2023-01-04,
201,2023-01-04,2023-01-23
3882,2023-01-04,
152,2023-01-04,
1454,2023-01-04,
206,2023-01-04,
3757,2023-01-04,2023-01-12
104,2023-01-04,2023-02-09
186,2023-01-04,
3810,2023-01-04,
5,2023-01-04,2023-01-12
255,2023-01-04,2023-01-07
1486,2023-01-04,
3956,2023-01-04,2023-01-04
2196,2023-01-04,
134,2023-01-04,
3771,2023-01-04,
3928,2023-01-04,2023-01-06
2985,2023-01-05,
587,2023-01-05,2023-01-21
424,2023-01-05,
2268,2023-01-05,
3146,2023-01-05,2023-01-05
1877,2023-01-05,
205,2023-01-05,
2708,2023-01-05,2023-01-12
3852,2023-01-05,
2964,2023-01-05,
2707,2023-01-05,2023-01-21
99,2023-01-05,
2287,2023-01-05,
101,2023-01-05,
1413,2023-01-05,
663,2023-01-05,
1229,2023-01-05,2023-01-08
3167,2023-01-05,2023-01-07
3036,2023-01-05,
649,2023-01-05,
1984,2023-01-05,
3187,2023-01-05,
3724,2023-01-05,2023-01-05
1929,2023-01-05,2023-01-24
2480,2023-01-05,2023-01-07
806,2023-01-05,2023-01-10
1202,2023-01-05,
2080,2023-01-05,2023-01-21
3584,2023-01-05,
3726,2023-01-05,
3585,2023-01-05,2023-02-10
1536,2023-01-05,
1353,2023-01-05,2023-01-07
2114,2023-01-05,2023-01-11
438,2023-01-05,2023-01-31
3706,2023-01-05,
3424,2023-01-05,
2535,2023-01-05,
1062,2023-01-05,2023-01-06
1670,2023-01-05,
3700,2023-01-05,2023-01-05
2679,2023-01-05,2023-01-14
896,2023-01-05,
73,2023-01-05,2023-01-22
3656,2023-01-05,
2817,2023-01-05,
3781,2023-01-05,
504,2023-01-05,2023-01-25
1972,2023-01-05,
2330,2023-01-05,2023-01-11
1834,2023-01-05,
1114,2023-01-05,
3385,2023-01-05,
3347,2023-01-05,
2872,2023-01-05,2023-01-05
1093,2023-01-05,2023-01-12
1884,2023-01-05,2023-01-06
544,2023-01-05,
1735,2023-01-05,2023-01-15
1490,2023-01-05,
1281,2023-01-05,
2928,2023-01-05,2023-01-15
2626,2023-01-05,
2351,2023-01-05,
1452,2023-01-05,
1543,2023-01-05,2023-01-20
852,2023-01-05,
1881,2023-01-06,
977,2023-01-06,
1003,2023-01-06,
1779,2023-01-06,
3382,2023-01-06,2023-01-07
2305,2023-01-06,
1817,2023-01-06,2023-01-27
3766,2023-01-06,
431,2023-01-06,2023-01-11
2085,2023-01-06,
2738,2023-01-06,2023-01-14
2677,2023-01-06,2023-01-06
3425,2023-01-06,2023-01-07
579,2023-01-06,2023-01-11
595,2023-01-06,2023-01-21
2105,2023-01-06,2023-01-06
1026,2023-01-06,
1798,2023-01-06,2023-01-16
614,2023-01-06,2023-01-20
2078,2023-01-06,
2576,2023-01-06,2023-01-10
3333,2023-01-06,2023-01-08
2573,2023-01-06,2023-01-13
3950,2023-01-06,
2401,2023-01-06,2023-01-13
3430,2023-01-06,
3829,2023-01-06,
1258,2023-01-06,
1102,2023-01-06,2023-01-23
1022,2023-01-06,
3647,2023-01-06,
2639,2023-01-06,2023-01-17
1184,2023-01-06,2023-01-13
759,2023-01-06,2023-01-28
34,2023-01-06,
3635,2023-01-06,
2999,2023-01-06,
2154,2023-01-06,2023-01-15
2490,2023-01-06,2023-01-16
2993,2023-01-06,2023-01-18
783,2023-01-06,2023-02-05
1844,2023-01-06,
957,2023-01-06,2023-01-16
793,2023-01-06,2023-01-17
322,2023-01-06,2023-01-12
125,2023-01-06,
3606,2023-01-06,2023-01-08
1160,2023-01-06,2023-01-07
2760,2023-01-06,
3607,2023-01-06,2023-01-07
805,2023-01-06,
316,2023-01-06,
808,2023-01-06,
812,2023-01-06,
2941,2023-01-06,
2855,2023-01-06,2023-01-15
350,2023-01-06,2023-01-06
67,2023-01-06,2023-01-22
738,2023-01-06,2023-01-09
2798,2023-01-06,2023-01-10
2781,2023-01-06,2023-01-12
1828,2023-01-06,2023-01-13
3979,2023-01-06,
1726,2023-01-06,
3059,2023-01-06,
264,2023-01-06,
3683,2023-01-06,
1745,2023-01-06,2023-01-06
2121,2023-01-06,
120,2023-01-06,2023-01-19
3673,2023-01-06,2023-01-17
1106,2023-01-06,2023-01-08
1192,2023-01-06,2023-01-06
1191,2023-01-06,2023-01-12
3940,2023-01-06,2023-02-01
1864,2023-01-06,
492,2023-01-07,
2934,2023-01-07,2023-01-07
2049,2023-01-07,2023-01-25
936,2023-01-07,2023-02-12
2358,2023-01-07,
3922,2023-01-07,2023-01-17
2776,2023-01-07,
3327,2023-01-07,2023-01-16
2910,2023-01-07,2023-01-09
2825,2023-01-07,
3343,2023-01-07,2023-01-17
1149,2023-01-07,2023-01-16
1563,2023-01-07,
2537,2023-01-07,
2859,2023-01-07,
2359,2023-01-07,
3793,2023-01-07,
2553,2023-01-07,2023-01-26
3307,2023-01-07,
1493,2023-01-07,2023-01-07
2701,2023-01-07,
3035,2023-01-07,2023-01-08
3161,2023-01-07,
1637,2023-01-07,
3045,2023-01-07,
3065,2023-01-07,
2442,2023-01-07,2023-01-15
962,2023-01-07,
3077,2023-01-07,2023-01-09
2450,2023-01-07,
1215,2023-01-07,
3121,2023-01-07,2023-01-07
3841,2023-01-07,2023-01-19
3117,2023-01-07,2023-01-17
694,2023-01-07,
3079,2023-01-07,
961,2023-01-07,2023-01-09
642,2023-01-07,
748,2023-01-07,
556,2023-01-07,
2952,2023-01-07,
2953,2023-01-07,
3279,2023-01-07,
1430,2023-01-07,2023-01-10
3270,2023-01-07,
997,2023-01-07,2023-01-09
784,2023-01-07,
100,2023-01-07,
3815,2023-01-07,2023-01-08
3816,2023-01-07,2023-02-04
3870,2023-01-07,2023-01-25
753,2023-01-07,
750,2023-01-07,
1244,2023-01-07,
2770,2023-01-07,2023-01-14
580,2023-01-07,
932,2023-01-07,2023-01-09
3586,2023-01-07,2023-01-09
365,2023-01-07,
1370,2023-01-07,
2629,2023-01-07,
3503,2023-01-07,2023-01-19
2006,2023-01-07,2023-01-14
3449,2023-01-07,
3655,2023-01-07,
3714,2023-01-07,2023-01-09
463,2023-01-07,
1841,2023-01-07,2023-01-12
14,2023-01-07,
231,2023-01-07,2023-01-08
477,2023-01-07,2023-01-16
3438,2023-01-07,
2273,2023-01-08,2023-01-12
1173,2023-01-08,
3872,2023-01-08,
3801,2023-01-08,2023-01-18
620,2023-01-08,
3440,2023-01-08,
2118,2023-01-08,
1863,2023-01-08,2023-01-16
3541,2023-01-08,
3865,2023-01-08,
1267,2023-01-08,2023-01-16
235,2023-01-08,2023-02-19
2758,2023-01-08,
366,2023-01-08,2023-01-09
1689,2023-01-08,
692,2023-01-08,
704,2023-01-08,
1034,2023-01-08,
1924,2023-01-08,
610,2023-01-08,
405,2023-01-08,
2732,2023-01-08,2023-01-13
2723,2023-01-08,2023-01-10
2380,2023-01-08,
602,2023-01-08,2023-01-10
2101,2023-01-08,2023-01-16
1089,2023-01-08,
597,2023-01-08,2023-01-11
2198,2023-01-08,2023-01-20
2292,2023-01-08,2023-01-24
3254,2023-01-08,
2735,2023-01-08,2023-01-15
1635,2023-01-08,2023-01-14
1519,2023-01-08,
1676,2023-01-08,2023-01-10
428,2023-01-08,2023-01-10
3969,2023-01-08,2023-01-14
1260,2023-01-08,2023-01-26
3968,2023-01-08,2023-01-09
1807,2023-01-08,2023-01-14
3778,2023-01-08,2023-01-29
1751,2023-01-08,
2522,2023-01-08,2023-01-15
2565,2023-01-08,2023-01-17
2814,2023-01-08,
865,2023-01-08,2023-01-10
1748,2023-01-08,2023-01-22
494,2023-01-08,
853,2023-01-08,
2826,2023-01-08,
2212,2023-01-08,2023-01-09
791,2023-01-08,2023-01-24
1387,2023-01-08,2023-01-08
1295,2023-01-08,
1069,2023-01-08,2023-01-14
3409,2023-01-08,
2847,2023-01-08,
1487,2023-01-08,2023-01-11
1398,2023-01-08,
1783,2023-01-08,2023-01-17
3913,2023-01-08,
823,2023-01-08,
2320,2023-01-08,2023-01-12
2912,2023-01-08,
2498,2023-01-08,
483,2023-01-08,2023-01-11
1464,2023-01-08,
2502,2023-01-08,2023-01-12
526,2023-01-08,2023-01-16
1958,2023-01-08,
1065,2023-01-08,2023-01-10
3384,2023-01-08,
3794,2023-01-08,2023-01-08
3947,2023-01-08,2023-01-14
1169,2023-01-08,
307,2023-01-08,2023-01-13
2736,2023-01-09,2023-01-16
3502,2023-01-09,2023-01-13
624,2023-01-09,2023-01-26
3193,2023-01-09,2023-01-14
3214,2023-01-09,2023-01-09
3496,2023-01-09,2023-01-14
2430,2023-01-09,2023-01-17
3172,2023-01-09,2023-01-24
2745,2023-01-09,
915,2023-01-09,
3924,2023-01-09,
404,2023-01-09,
396,2023-01-09,
2823,2023-01-09,2023-01-19
790,2023-01-09,2023-01-13
1516,2023-01-09,
325,2023-01-09,
2633,2023-01-09,2023-01-13
2634,2023-01-09,2023-01-27
2489,2023-01-09,
2933,2023-01-09,2023-01-15
2922,2023-01-09,2023-01-11
1182,2023-01-09,
3879,2023-01-09,
2650,2023-01-09,
3868,2023-01-09,2023-02-03
2632,2023-01-09,2023-01-28
2138,2023-01-09,2023-01-11
2892,2023-01-09,
2229,2023-01-09,
3540,2023-01-09,2023-01-16
728,2023-01-09,
1770,2023-01-09,
3069,2023-01-09,2023-01-11
2279,2023-01-09,2023-01-25
3744,2023-01-09,2023-01-12
1141,2023-01-09,2023-01-10
3100,2023-01-09,
1346,2023-01-09,2023-01-12
28,2023-01-09,2023-01-20
2280,2023-01-09,2023-01-09
1506,2023-01-09,
976,2023-01-09,
3517,2023-01-09,
2191,2023-01-09,2023-02-06
771,2023-01-09,
480,2023-01-09,2023-02-03
196,2023-01-09,
3809,2023-01-09,
3261,2023-01-09,
2089,2023-01-09,
1909,2023-01-09,
2689,2023-01-09,
1099,2023-01-09,2023-01-12
2120,2023-01-09,2023-01-15
1311,2023-01-09,
429,2023-01-09,2023-02-03
3234,2023-01-09,2023-01-11
599,2023-01-09,
490,2023-01-09,2023-01-19
193,2023-01-09,2023-01-22
1889,2023-01-09,2023-01-12
3401,2023-01-09,
2202,2023-01-09,2023-01-21
433,2023-01-09,2023-01-13
1737,2023-01-09,2023-01-12
1046,2023-01-10,2023-01-14
618,2023-01-10,
2065,2023-01-10,
2361,2023-01-10,2023-01-15
8,2023-01-10,2023-01-10
2365,2023-01-10,
557,2023-01-10,2023-01-12
3283,2023-01-10,
2368,2023-01-10,2023-01-23
3539,2023-01-10,
3067,2023-01-10,2023-01-28
3285,2023-01-10,2023-01-15
761,2023-01-10,2023-01-13
1467,2023-01-10,2023-01-17
376,2023-01-10,
3099,2023-01-10,2023-02-05
29,2023-01-10,
974,2023-01-10,
3112,2023-01-10,2023-01-10
1200,2023-01-10,2023-01-10
3311,2023-01-10,2023-01-31
3617,2023-01-10,
1827,2023-01-10,
3399,2023-01-10,
3944,2023-01-10,2023-01-15
50,2023-01-10,
1894,2023-01-10,2023-01-17
473,2023-01-10,
3657,2023-01-10,2023-01-23
1299,2023-01-10,2023-02-07
2843,2023-01-10,
887,2023-01-10,
2533,2023-01-10,2023-01-20
2132,2023-01-10,
292,2023-01-10,2023-01-13
1484,2023-01-10,2023-01-16
1310,2023-01-10,2023-01-18
1890,2023-01-10,
293,2023-01-10,2023-01-13
2890,2023-01-10,2023-01-18
3414,2023-01-10,2023-01-19
850,2023-01-10,
1557,2023-01-10,2023-01-25
2771,2023-01-10,2023-01-11
303,2023-01-10,
3616,2023-01-10,
529,2023-01-10,
3323,2023-01-10,
1056,2023-01-10,2023-01-11
2106,2023-01-10,2023-01-10
2620,2023-01-10,
381,2023-01-10,
2727,2023-01-10,
141,2023-01-10,2023-01-10
3245,2023-01-10,
2407,2023-01-10,2023-01-28
3966,2023-01-10,2023-01-18
593,2023-01-10,2023-02-04
672,2023-01-10,
3203,2023-01-10,2023-01-11
3195,2023-01-10,
3139,2023-01-10,2023-01-11
2297,2023-01-10,2023-01-12
2718,2023-01-10,
1638,2023-01-10,2023-01-11
2961,2023-01-11,
3329,2023-01-11,2023-01-22
2244,2023-01-11,2023-01-19
304,2023-01-11,2023-01-16
1853,2023-01-11,
3790,2023-01-11,
1979,2023-01-11,
2966,2023-01-11,2023-01-25
797,2023-01-11,2023-01-14
1183,2023-01-11,2023-01-12
443,2023-01-11,2023-01-14
960,2023-01-11,2023-01-12
1623,2023-01-11,2023-01-17
1366,2023-01-11,
1480,2023-01-11,
3786,2023-01-11,
3308,2023-01-11,
2998,2023-01-11,2023-01-18
2092,2023-01-11,2023-01-14
2242,2023-01-11,2023-01-24
787,2023-01-11,
3437,2023-01-11,2023-01-14
2494,2023-01-11,2023-01-21
548,2023-01-11,2023-01-21
2248,2023-01-11,2023-01-28
1843,2023-01-11,2023-01-21
2906,2023-01-11,2023-01-15
930,2023-01-11,2023-01-21
143,2023-01-11,
1117,2023-01-11,
2146,2023-01-11,
2405,2023-01-11,2023-01-19
2627,2023-01-11,2023-01-11
2406,2023-01-11,
271,2023-01-11,
2145,2023-01-11,
3661,2023-01-11,2023-01-19
2544,2023-01-11,2023-01-17
54,2023-01-11,2023-02-05
1434,2023-01-11,2023-01-16
1013,2023-01-11,2023-01-15
1681,2023-01-11,
2253,2023-01-11,
898,2023-01-11,2023-01-12
1664,2023-01-11,2023-01-17
632,2023-01-11,2023-02-07
3363,2023-01-11,
3905,2023-01-11,
2331,2023-01-11,2023-01-17
2870,2023-01-11,2023-01-11
871,2023-01-11,
3189,2023-01-11,2023-01-13
3901,2023-01-11,2023-01-24
1451,2023-01-11,2023-02-03
3888,2023-01-11,2023-01-11
2029,2023-01-11,
3014,2023-01-11,
3597,2023-01-11,
3137,2023-01-11,2023-01-27
1041,2023-01-11,
2197,2023-01-11,
1594,2023-01-11,
730,2023-01-11,2023-02-01
164,2023-01-11,
2375,2023-01-11,2023-01-11
2752,2023-01-11,2023-01-25
3523,2023-01-11,
565,2023-01-11,
3453,2023-01-11,2023-01-26
3855,2023-01-11,2023-01-15
3732,2023-01-11,
3977,2023-01-11,
689,2023-01-11,
3068,2023-01-11,2023-01-12
2695,2023-01-11,2023-01-26
2831,2023-01-12,
1288,2023-01-12,
2410,2023-01-12,
2654,2023-01-12,
2275,2023-01-12,
1298,2023-01-12,2023-01-12
413,2023-01-12,
1785,2023-01-12,2023-01-22
2668,2023-01-12,
3474,2023-01-12,2023-01-20
965,2023-01-12,
2245,2023-01-12,2023-01-28
3703,2023-01-12,
1300,2023-01-12,
361,2023-01-12,
3955,2023-01-12,
3209,2023-01-12,
2675,2023-01-12,2023-01-14
3379,2023-01-12,2023-01-21
2880,2023-01-12,
1238,2023-01-12,
2233,2023-01-12,2023-01-21
2885,2023-01-12,
2861,2023-01-12,2023-02-15
2257,2023-01-12,2023-01-16
2750,2023-01-12,2023-01-23
2161,2023-01-12,
1461,2023-01-12,2023-01-24
244,2023-01-12,
1333,2023-01-12,2023-01-24
3850,2023-01-12,2023-01-20
213,2023-01-12,
2878,2023-01-12,2023-01-13
2290,2023-01-12,2023-01-12
1991,2023-01-12,2023-01-12
2774,2023-01-12,
58,2023-01-12,2023-01-20
3884,2023-01-12,2023-01-18
86,2023-01-12,
2133,2023-01-12,
1166,2023-01-12,
1232,2023-01-12,2023-01-21
2690,2023-01-12,2023-01-12
268,2023-01-12,2023-01-12
437,2023-01-12,2023-02-10
2694,2023-01-12,2023-01-14
3124,2023-01-12,
1407,2023-01-12,2023-01-26
1275,2023-01-12,2023-01-17
98,2023-01-12,
2991,2023-01-12,2023-01-24
1524,2023-01-12,2023-01-26
1079,2023-01-12,2023-01-23
3225,2023-01-12,2023-01-13
168,2023-01-12,
2619,2023-01-12,2023-01-14
208,2023-01-12,2023-01-25
3676,2023-01-12,
690,2023-01-12,2023-01-15
1330,2023-01-12,2023-01-21
2648,2023-01-12,2023-01-12
2097,2023-01-12,
3126,2023-01-12,2023-01-19
3257,2023-01-12,
3268,2023-01-12,2023-01-14
1167,2023-01-12,
3604,2023-01-12,
2704,2023-01-12,2023-01-17
2568,2023-01-12,
1210,2023-01-12,
3615,2023-01-12,
2496,2023-01-12,
1313,2023-01-12,2023-01-18
2179,2023-01-12,2023-02-06
2569,2023-01-12,
2235,2023-01-12,2023-01-20
2068,2023-01-12,
320,2023-01-12,
2453,2023-01-12,2023-01-15
2108,2023-01-13,
1520,2023-01-13,2023-02-04
1329,2023-01-13,2023-01-16
678,2023-01-13,2023-01-14
2782,2023-01-13,2023-01-25
2012,2023-01-13,
260,2023-01-13,2023-01-14
3198,2023-01-13,
3644,2023-01-13,
972,2023-01-13,
3510,2023-01-13,2023-01-20
570,2023-01-13,2023-01-18
1829,2023-01-13,
2779,2023-01-13,2023-01-18
1392,2023-01-13,
2249,2023-01-13,
3205,2023-01-13,2023-02-13
899,2023-01-13,2023-01-14
1364,2023-01-13,
2903,2023-01-13,
3637,2023-01-13,2023-01-13
3780,2023-01-13,
1618,2023-01-13,
2955,2023-01-13,
3840,2023-01-13,
1028,2023-01-13,
3426,2023-01-13,
984,2023-01-13,
951,2023-01-13,
3472,2023-01-13,
94,2023-01-13,2023-02-09
3040,2023-01-13,
2974,2023-01-13,
956,2023-01-13,
2190,2023-01-13,2023-01-16
785,2023-01-13,2023-01-13
2210,2023-01-13,
2239,2023-01-13,2023-02-06
352,2023-01-13,
1953,2023-01-13,
1653,2023-01-13,
3032,2023-01-13,
105,2023-01-13,
3428,2023-01-13,2023-01-24
3259,2023-01-13,2023-01-18
562,2023-01-13,2023-01-16
2340,2023-01-13,2023-01-13
1562,2023-01-13,
3483,2023-01-13,
1032,2023-01-13,
3063,2023-01-13,2023-01-24
2193,2023-01-13,
856,2023-01-13,
1971,2023-01-13,
3416,2023-01-13,2023-01-18
3619,2023-01-13,
3784,2023-01-13,2023-01-23
1014,2023-01-13,
832,2023-01-13,
2936,2023-01-13,
3475,2023-01-13,2023-01-17
1538,2023-01-13,
723,2023-01-13,2023-01-13
3807,2023-01-13,
17,2023-01-13,
986,2023-01-13,2023-01-28
3633,2023-01-13,2023-01-31
848,2023-01-13,
1610,2023-01-13,2023-01-18
2151,2023-01-14,
1983,2023-01-14,2023-01-18
1754,2023-01-14,
991,2023-01-14,2023-01-20
2011,2023-01-14,2023-01-16
27,2023-01-14,
2615,2023-01-14,
1095,2023-01-14,
3678,2023-01-14,
137,2023-01-14,2023-01-21
3849,2023-01-14,2023-01-29
1209,2023-01-14,
182,2023-01-14,2023-01-25
3108,2023-01-14,2023-02-03
691,2023-01-14,
3839,2023-01-14,2023-01-21
210,2023-01-14,2023-02-14
3495,2023-01-14,2023-02-09
666,2023-01-14,2023-02-09
1683,2023-01-14,2023-01-26
3162,2023-01-14,2023-01-14
3163,2023-01-14,2023-01-17
407,2023-01-14,
3179,2023-01-14,2023-01-15
430,2023-01-14,
3197,2023-01-14,2023-01-19
3202,2023-01-14,
3325,2023-01-14,
1531,2023-01-14,2023-01-21
3357,2023-01-14,2023-01-16
1277,2023-01-14,2023-01-16
190,2023-01-14,2023-01-14
2363,2023-01-14,
3501,2023-01-14,2023-01-16
3295,2023-01-14,
481,2023-01-14,
3811,2023-01-14,2023-01-19
3396,2023-01-14,
2376,2023-01-14,
475,2023-01-14,
3260,2023-01-14,2023-01-23
2787,2023-01-14,
1630,2023-01-14,2023-01-15
1211,2023-01-14,2023-02-10
2971,2023-01-14,
1614,2023-01-14,2023-02-15
2875,2023-01-14,
3908,2023-01-14,2023-01-17
1347,2023-01-14,
3624,2023-01-14,2023-01-18
2266,2023-01-14,
2813,2023-01-14,
234,2023-01-14,2023-01-18
2804,2023-01-14,2023-01-20
2931,2023-01-14,
3594,2023-01-14,2023-01-16
2930,2023-01-14,
3874,2023-01-14,
2793,2023-01-14,
3051,2023-01-14,
1722,2023-01-14,
764,2023-01-14,
1947,2023-01-14,2023-02-05
115,2023-01-14,
1604,2023-01-14,2023-01-20
1408,2023-01-14,2023-01-15
1393,2023-01-14,
1836,2023-01-15,
1988,2023-01-15,
3670,2023-01-15,2023-01-15
1503,2023-01-15,2023-01-25
1297,2023-01-15,
1899,2023-01-15,
1871,2023-01-15,
1396,2023-01-15,
2224,2023-01-15,
3421,2023-01-15,
2319,2023-01-15,2023-01-18
203,2023-01-15,2023-01-25
1326,2023-01-15,
419,2023-01-15,
3599,2023-01-15,2023-01-15
3579,2023-01-15,
1081,2023-01-15,2023-01-16
1856,2023-01-15,
3549,2023-01-15,
2111,2023-01-15,2023-01-18
1060,2023-01-15,2023-01-17
1289,2023-01-15,2023-01-16
46,2023-01-15,2023-01-18
3337,2023-01-15,2023-01-16
3128,2023-01-15,2023-01-18
2462,2023-01-15,
3342,2023-01-15,2023-01-24
2463,2023-01-15,2023-01-19
2755,2023-01-15,
109,2023-01-15,
2982,2023-01-15,
789,2023-01-15,2023-01-23
1794,2023-01-15,2023-01-16
1981,2023-01-15,
2182,2023-01-15,2023-01-21
803,2023-01-15,2023-01-21
91,2023-01-15,2023-01-15
2152,2023-01-15,
821,2023-01-15,2023-01-26
2792,2023-01-15,2023-01-20
1977,2023-01-15,2023-01-19
1575,2023-01-15,
2761,2023-01-15,
1936,2023-01-15,2023-01-30
711,2023-01-15,2023-01-23
3277,2023-01-15,
1395,2023-01-15,
2575,2023-01-15,
160,2023-01-15,2023-01-29
3291,2023-01-15,2023-01-17
3271,2023-01-15,
3200,2023-01-15,2023-01-17
639,2023-01-15,
3182,2023-01-15,
2201,2023-01-15,
2692,2023-01-15,2023-01-25
2577,2023-01-15,
1262,2023-01-15,2023-01-26
1385,2023-01-16,2023-02-08
1152,2023-01-16,
1384,2023-01-16,2023-02-01
2329,2023-01-16,
2123,2023-01-16,
2434,2023-01-16,
2124,2023-01-16,
1361,2023-01-16,
1433,2023-01-16,
1359,2023-01-16,2023-02-12
2060,2023-01-16,
2113,2023-01-16,
1319,2023-01-16,
2607,2023-01-16,2023-01-27
1197,2023-01-16,
2605,2023-01-16,
1477,2023-01-16,
1261,2023-01-16,
1405,2023-01-16,2023-01-20
741,2023-01-16,2023-01-18
1058,2023-01-16,
3708,2023-01-16,
679,2023-01-16,
1710,2023-01-16,
3336,2023-01-16,
983,2023-01-16,
3144,2023-01-16,2023-02-12
1639,2023-01-16,
952,2023-01-16,2023-01-19
2764,2023-01-16,2023-01-26
659,2023-01-16,
243,2023-01-16,
3174,2023-01-16,
1865,2023-01-16,2023-02-10
3524,2023-01-16,2023-01-17
3226,2023-01-16,2023-02-25
2874,2023-01-16,
1680,2023-01-16,2023-01-17
434,2023-01-16,
435,2023-01-16,
3314,2023-01-16,2023-01-18
488,2023-01-16,
1914,2023-01-16,2023-01-17
3215,2023-01-16,2023-01-20
1986,2023-01-16,
3639,2023-01-16,
1040,2023-01-16,2023-01-19
35,2023-01-16,
72,2023-01-16,2023-01-23
3890,2023-01-16,2023-01-21
110,2023-01-16,
114,2023-01-16,
1004,2023-01-16,
3831,2023-01-16,2023-01-16
2657,2023-01-16,
1806,2023-01-16,
3368,2023-01-16,2023-01-20
698,2023-01-16,
238,2023-01-16,2023-02-04
2670,2023-01-16,2023-01-28
3727,2023-01-16,2023-01-21
2673,2023-01-16,2023-01-17
2996,2023-01-17,2023-01-23
2083,2023-01-17,2023-01-31
1063,2023-01-17,2023-01-20
2997,2023-01-17,2023-01-18
545,2023-01-17,2023-02-19
2082,2023-01-17,2023-01-19
3132,2023-01-17,
3292,2023-01-17,2023-01-20
1651,2023-01-17,2023-01-29
2464,2023-01-17,2023-02-03
3251,2023-01-17,2023-01-18
1250,2023-01-17,2023-01-17
2387,2023-01-17,
3007,2023-01-17,
2447,2023-01-17,
3219,2023-01-17,
3033,2023-01-17,2023-01-17
3071,2023-01-17,2023-01-28
3034,2023-01-17,
1546,2023-01-17,2023-01-17
3136,2023-01-17,
726,2023-01-17,
685,2023-01-17,
388,2023-01-17,
1301,2023-01-17,2023-01-20
2264,2023-01-17,2023-01-17
3664,2023-01-17,
1832,2023-01-17,
3712,2023-01-17,2023-02-06
3733,2023-01-17,2023-01-23
221,2023-01-17,
1704,2023-01-17,
215,2023-01-17,
1420,2023-01-17,
171,2023-01-17,
3824,2023-01-17,
1791,2023-01-17,2023-02-02
1488,2023-01-17,
32,2023-01-17,
1814,2023-01-17,
1374,2023-01-17,2023-01-18
1700,2023-01-17,
3612,2023-01-17,2023-01-18
484,2023-01-17,
3407,2023-01-17,2023-01-21
3411,2023-01-17,
468,2023-01-17,2023-01-18
3439,2023-01-17,2023-01-28
3500,2023-01-17,2023-02-15
1338,2023-01-17,2023-01-20
777,2023-01-17,2023-01-20
1340,2023-01-17,2023-01-31
3513,2023-01-17,
1515,2023-01-17,2023-01-23
3520,2023-01-17,2023-01-31
2272,2023-01-17,2023-01-19
324,2023-01-17,
1369,2023-01-17,2023-01-23
498,2023-01-17,
2978,2023-01-17,2023-01-17
1764,2023-01-17,2023-01-23
2888,2023-01-17,
1044,2023-01-17,2023-02-14
2908,2023-01-17,
1135,2023-01-17,
2856,2023-01-17,
1156,2023-01-17,2023-01-19
1011,2023-01-17,2023-01-27
2940,2023-01-17,2023-01-17
1074,2023-01-17,
1600,2023-01-17,
1961,2023-01-17,
877,2023-01-17,2023-01-25
1964,2023-01-17,
2567,2023-01-17,
2748,2023-01-17,
1036,2023-01-17,2023-01-17
2526,2023-01-17,
1107,2023-01-17,2023-01-24
1087,2023-01-18,2023-01-25
3851,2023-01-18,
1660,2023-01-18,2023-01-18
2592,2023-01-18,
1495,2023-01-18,
2339,2023-01-18,2023-01-18
1579,2023-01-18,2023-02-02
535,2023-01-18,2023-02-02
3264,2023-01-18,2023-02-22
2862,2023-01-18,
2383,2023-01-18,
1647,2023-01-18,
3359,2023-01-18,2023-01-22
3230,2023-01-18,2023-01-24
1426,2023-01-18,2023-01-22
2206,2023-01-18,
3249,2023-01-18,
157,2023-01-18,
2603,2023-01-18,
2355,2023-01-18,2023-01-18
3315,2023-01-18,
2031,2023-01-18,
2271,2023-01-18,
3614,2023-01-18,
346,2023-01-18,2023-02-04
364,2023-01-18,
1512,2023-01-18,2023-01-21
2722,2023-01-18,
1839,2023-01-18,2023-01-31
384,2023-01-18,2023-01-19
2797,2023-01-18,
1101,2023-01-18,
2574,2023-01-18,2023-01-22
1833,2023-01-18,
408,2023-01-18,2023-01-22
3485,2023-01-18,2023-01-23
1124,2023-01-18,2023-02-03
3718,2023-01-18,
1883,2023-01-18,
1317,2023-01-18,2023-01-30
2240,2023-01-18,2023-01-21
1719,2023-01-18,
1888,2023-01-18,2023-02-02
2578,2023-01-18,
3404,2023-01-18,
2808,2023-01-18,
2816,2023-01-18,
493,2023-01-18,2023-01-26
1821,2023-01-18,
1913,2023-01-18,
3381,2023-01-18,2023-01-22
327,2023-01-18,
1155,2023-01-18,
1479,2023-01-18,
1453,2023-01-18,2023-01-23
3135,2023-01-18,2023-01-24
1222,2023-01-18,2023-02-06
71,2023-01-18,
2647,2023-01-18,2023-01-22
2166,2023-01-18,2023-02-20
2454,2023-01-18,
1213,2023-01-18,
1481,2023-01-18,2023-01-25
2067,2023-01-18,2023-02-02
1633,2023-01-18,
24,2023-01-18,
1471,2023-01-18,
830,2023-01-18,2023-01-21
1053,2023-01-18,
2893,2023-01-18,
3164,2023-01-18,2023-01-19
653,2023-01-18,
3961,2023-01-18,
807,2023-01-18,
3877,2023-01-18,
767,2023-01-18,
2956,2023-01-18,
2486,2023-01-18,
2611,2023-01-18,
989,2023-01-19,
1178,2023-01-19,2023-01-22
2056,2023-01-19,2023-01-26
345,2023-01-19,2023-01-20
3446,2023-01-19,2023-01-25
1952,2023-01-19,2023-01-26
3610,2023-01-19,
451,2023-01-19,
459,2023-01-19,2023-01-22
1312,2023-01-19,2023-02-05
3044,2023-01-19,
2551,2023-01-19,
804,2023-01-19,
3564,2023-01-19,2023-01-28
1946,2023-01-19,2023-01-23
367,2023-01-19,
240,2023-01-19,
423,2023-01-19,
3522,2023-01-19,2023-01-23
2783,2023-01-19,2023-02-02
1381,2023-01-19,2023-01-25
1380,2023-01-19,2023-01-22
923,2023-01-19,2023-01-20
916,2023-01-19,2023-02-02
3499,2023-01-19,
1547,2023-01-19,
911,2023-01-19,
2300,2023-01-19,2023-01-30
2137,2023-01-19,2023-01-19
3005,2023-01-19,2023-01-26
3537,2023-01-19,2023-01-26
819,2023-01-19,
1394,2023-01-19,2023-01-23
2493,2023-01-19,2023-01-22
256,2023-01-19,
1688,2023-01-19,
2007,2023-01-19,
1304,2023-01-19,
3394,2023-01-19,2023-02-03
3957,2023-01-19,2023-01-30
851,2023-01-19,2023-01-21
563,2023-01-19,
3894,2023-01-19,2023-01-27
153,2023-01-19,2023-01-23
3263,2023-01-19,2023-01-30
3256,2023-01-19,2023-01-23
3168,2023-01-19,2023-01-19
88,2023-01-19,2023-01-27
3305,2023-01-19,2023-01-26
3823,2023-01-19,
3875,2023-01-19,
1640,2023-01-19,2023-02-08
1793,2023-01-19,
3191,2023-01-19,2023-01-20
2884,2023-01-19,2023-02-13
2389,2023-01-19,
2392,2023-01-19,2023-01-28
862,2023-01-19,
1644,2023-01-19,
1923,2023-01-19,2023-01-20
2902,2023-01-19,2023-02-04
3803,2023-01-19,
3911,2023-01-19,
2637,2023-01-19,
2169,2023-01-19,
1290,2023-01-19,
1937,2023-01-19,2023-01-21
38,2023-01-19,
703,2023-01-19,2023-02-15
1412,2023-01-19,2023-01-19
2223,2023-01-19,2023-01-22
3919,2023-01-20,
45,2023-01-20,2023-01-25
3983,2023-01-20,2023-01-29
2714,2023-01-20,2023-02-03
1024,2023-01-20,
2195,2023-01-20,
1021,2023-01-20,
225,2023-01-20,
2130,2023-01-20,2023-01-25
1820,2023-01-20,
44,2023-01-20,
3967,2023-01-20,2023-02-03
1097,2023-01-20,
3768,2023-01-20,2023-01-25
3652,2023-01-20,
194,2023-01-20,2023-01-24
280,2023-01-20,2023-01-29
1031,2023-01-20,
176,2023-01-20,
9,2023-01-20,
3772,2023-01-20,
1771,2023-01-20,
1712,2023-01-20,
2217,2023-01-20,
1805,2023-01-20,2023-01-21
1760,2023-01-20,2023-01-20
2972,2023-01-20,2023-01-23
2270,2023-01-20,2023-01-30
3129,2023-01-20,2023-01-21
1650,2023-01-20,
2507,2023-01-20,
2441,2023-01-20,2023-01-24
2019,2023-01-20,
1571,2023-01-20,2023-01-28
3383,2023-01-20,2023-01-26
2076,2023-01-20,
2516,2023-01-20,2023-01-28
1236,2023-01-20,
2302,2023-01-20,
2846,2023-01-20,
637,2023-01-20,2023-01-22
3317,2023-01-20,2023-01-22
2353,2023-01-20,
3316,2023-01-20,
1608,2023-01-20,2023-01-26
1935,2023-01-20,2023-01-31
2404,2023-01-20,2023-01-21
619,2023-01-20,
561,2023-01-20,
611,2023-01-20,
532,2023-01-20,
403,2023-01-20,2023-01-24
427,2023-01-20,2023-02-01
3019,2023-01-20,2023-01-20
1349,2023-01-20,2023-02-27
3545,2023-01-20,2023-02-06
1682,2023-01-20,2023-02-03
746,2023-01-20,2023-01-26
3022,2023-01-20,2023-01-20
1360,2023-01-20,2023-02-20
1162,2023-01-20,
370,2023-01-20,
926,2023-01-20,
937,2023-01-20,
2014,2023-01-20,
1113,2023-01-20,2023-01-26
1207,2023-01-20,
3017,2023-01-20,
1631,2023-01-20,
2524,2023-01-21,
2079,2023-01-21,2023-01-26
111,2023-01-21,
749,2023-01-21,
1775,2023-01-21,2023-01-22
1997,2023-01-21,2023-01-24
609,2023-01-21,2023-01-25
3091,2023-01-21,2023-01-24
97,2023-01-21,
3038,2023-01-21,2023-01-24
1198,2023-01-21,2023-01-21
2075,2023-01-21,2023-01-29
1047,2023-01-21,
656,2023-01-21,
2514,2023-01-21,
30,2023-01-21,
1219,2023-01-21,2023-01-31
3090,2023-01-21,2023-01-22
2458,2023-01-21,2023-01-25
1943,2023-01-21,2023-02-04
3912,2023-01-21,
3102,2023-01-21,2023-01-21
2472,2023-01-21,2023-01-21
601,2023-01-21,
876,2023-01-21,2023-01-27
3473,2023-01-21,2023-01-22
1522,2023-01-21,
3817,2023-01-21,2023-02-08
1397,2023-01-21,
2706,2023-01-21,
422,2023-01-21,
2554,2023-01-21,
3497,2023-01-21,2023-02-02
348,2023-01-21,
270,2023-01-21,2023-01-28
1880,2023-01-21,
1708,2023-01-21,2023-02-03
2753,2023-01-21,2023-02-06
2786,2023-01-21,
1115,2023-01-21,
3648,2023-01-21,2023-01-22
286,2023-01-21,2023-02-04
3532,2023-01-21,
912,2023-01-21,2023-02-05
3631,2023-01-21,2023-02-05
3555,2023-01-21,2023-01-21
2835,2023-01-21,2023-01-24
156,2023-01-21,
872,2023-01-21,2023-01-21
1427,2023-01-21,2023-01-23
2865,2023-01-21,2023-02-06
3572,2023-01-21,
555,2023-01-21,
942,2023-01-21,2023-01-28
3444,2023-01-21,
542,2023-01-21,
3764,2023-01-21,2023-01-22
1658,2023-01-21,
1528,2023-01-21,2023-02-06
512,2023-01-21,2023-01-22
3376,2023-01-21,2023-01-29
2030,2023-01-21,2023-01-27
495,2023-01-21,2023-02-21
536,2023-01-21,2023-02-06
1847,2023-01-21,
2063,2023-01-22,
1795,2023-01-22,2023-02-15
1780,2023-01-22,
2045,2023-01-22,
1916,2023-01-22,2023-01-27
1736,2023-01-22,2023-02-01
1613,2023-01-22,
1591,2023-01-22,
4000,2023-01-22,2023-01-30
765,2023-01-22,2023-01-26
3481,2023-01-22,
375,2023-01-22,2023-01-25
358,2023-01-22,
1180,2023-01-22,2023-01-29
309,2023-01-22,
2478,2023-01-22,
2552,2023-01-22,
3640,2023-01-22,
1226,2023-01-22,
3653,2023-01-22,
2418,2023-01-22,2023-01-24
2366,2023-01-22,
2332,2023-01-22,
1308,2023-01-22,2023-02-11
1218,2023-01-22,
2555,2023-01-22,2023-02-10
2599,2023-01-22,2023-02-09
2663,2023-01-22,2023-01-31
3056,2023-01-22,
3122,2023-01-22,
3011,2023-01-22,2023-02-06
1474,2023-01-22,
773,2023-01-22,
3148,2023-01-22,
2919,2023-01-22,
621,2023-01-22,
3228,2023-01-22,2023-01-28
604,2023-01-22,
2791,2023-01-22,
3338,2023-01-22,
967,2023-01-22,2023-02-27
987,2023-01-22,2023-01-26
996,2023-01-22,
232,2023-01-22,2023-01-26
3728,2023-01-22,
2501,2023-01-22,
3084,2023-01-22,2023-02-12
117,2023-01-22,
1439,2023-01-22,2023-01-30
140,2023-01-22,2023-01-31
3897,2023-01-22,2023-01-22
3903,2023-01-22,
218,2023-01-22,
3916,2023-01-22,
1323,2023-01-22,2023-01-24
1371,2023-01-22,2023-02-24
3925,2023-01-22,
1325,2023-01-22,2023-01-26
3954,2023-01-22,2023-01-24
10,2023-01-22,
2286,2023-01-22,
3819,2023-01-22,
2167,2023-01-22,2023-01-24
1994,2023-01-23,2023-01-24
1672,2023-01-23,2023-01-28
2008,2023-01-23,
425,2023-01-23,
3431,2023-01-23,
3419,2023-01-23,2023-02-01
2609,2023-01-23,
2614,2023-01-23,2023-02-01
1070,2023-01-23,2023-01-29
3412,2023-01-23,
486,2023-01-23,
1111,2023-01-23,
2127,2023-01-23,2023-01-27
2703,2023-01-23,
1985,2023-01-23,2023-01-25
1432,2023-01-23,
420,2023-01-23,2023-01-25
524,2023-01-23,2023-01-30
3306,2023-01-23,
3296,2023-01-23,
2809,2023-01-23,
1922,2023-01-23,
3229,2023-01-23,
2946,2023-01-23,
3157,2023-01-23,2023-01-24
776,2023-01-23,
677,2023-01-23,
1020,2023-01-23,
1504,2023-01-23,
1119,2023-01-23,2023-02-06
2115,2023-01-23,
3753,2023-01-23,
209,2023-01-23,2023-01-25
3666,2023-01-23,2023-01-28
2276,2023-01-23,
263,2023-01-23,
2345,2023-01-23,
1355,2023-01-23,2023-01-26
1284,2023-01-23,
2477,2023-01-23,
2087,2023-01-23,2023-01-28
2337,2023-01-23,
2293,2023-01-23,
1851,2023-01-23,
2485,2023-01-23,2023-01-25
2415,2023-01-23,2023-01-27
2041,2023-01-23,2023-01-23
1824,2023-01-23,2023-01-25
3546,2023-01-23,2023-02-20
387,2023-01-23,2023-01-30
2038,2023-01-23,2023-02-04
1164,2023-01-23,
3087,2023-01-23,2023-01-25
1383,2023-01-23,2023-02-07
362,2023-01-23,2023-01-26
2492,2023-01-23,2023-01-26
165,2023-01-23,2023-01-23
265,2023-01-24,2023-02-05
3103,2023-01-24,
13,2023-01-24,
56,2023-01-24,2023-02-09
21,2023-01-24,
3176,2023-01-24,
1720,2023-01-24,
3152,2023-01-24,2023-02-22
669,2023-01-24,2023-02-02
1709,2023-01-24,2023-02-12
1724,2023-01-24,2023-02-04
635,2023-01-24,2023-02-01
406,2023-01-24,
3651,2023-01-24,
1652,2023-01-24,2023-02-01
401,2023-01-24,2023-02-13
146,2023-01-24,
3514,2023-01-24,
1870,2023-01-24,
461,2023-01-24,2023-02-04
3552,2023-01-24,
3853,2023-01-24,
1900,2023-01-24,
3799,2023-01-24,
502,2023-01-24,
3625,2023-01-24,2023-02-20
295,2023-01-24,2023-02-03
113,2023-01-24,
508,2023-01-24,2023-01-31
516,2023-01-24,
3494,2023-01-24,
3773,2023-01-24,
282,2023-01-24,
3299,2023-01-24,
3269,2023-01-24,2023-01-25
3740,2023-01-24,
882,2023-01-24,2023-02-01
2054,2023-01-24,2023-02-11
1039,2023-01-24,2023-01-26
2301,2023-01-24,
2381,2023-01-24,2023-02-02
955,2023-01-24,
1251,2023-01-24,2023-02-11
2767,2023-01-24,
2775,2023-01-24,
1352,2023-01-24,2023-02-25
2426,2023-01-24,
2429,2023-01-24,
2471,2023-01-24,2023-01-29
1080,2023-01-24,2023-02-09
1406,2023-01-24,2023-01-29
2534,2023-01-24,2023-02-06
2841,2023-01-24,
1418,2023-01-24,2023-02-14
1468,2023-01-24,
2155,2023-01-24,
1179,2023-01-24,
3000,2023-01-24,
839,2023-01-24,2023-01-26
2948,2023-01-24,
2473,2023-01-24,2023-01-24
1143,2023-01-24,
1140,2023-01-24,2023-01-27
2207,2023-01-24,
1457,2023-01-24,
1066,2023-01-24,2023-02-09
1246,2023-01-25,2023-01-26
3634,2023-01-25,
3658,2023-01-25,2023-01-30
2484,2023-01-25,2023-01-25
1204,2023-01-25,
1279,2023-01-25,
1195,2023-01-25,
254,2023-01-25,2023-02-01
253,2023-01-25,2023-02-06
3554,2023-01-25,
1309,2023-01-25,
15,2023-01-25,2023-02-26
16,2023-01-25,
2165,2023-01-25,
23,2023-01-25,
40,2023-01-25,2023-02-05
1781,2023-01-25,2023-02-21
2194,2023-01-25,
3835,2023-01-25,
1391,2023-01-25,2023-02-13
1389,2023-01-25,
2274,2023-01-25,2023-02-23
184,2023-01-25,
3767,2023-01-25,
2107,2023-01-25,
1816,2023-01-25,
314,2023-01-25,2023-02-24
2285,2023-01-25,2023-02-14
1322,2023-01-25,
2309,2023-01-25,2023-02-22
237,2023-01-25,
216,2023-01-25,2023-02-13
2147,2023-01-25,
3344,2023-01-25,
1969,2023-01-25,2023-02-03
1598,2023-01-25,
3328,2023-01-25,2023-02-19
922,2023-01-25,
2651,2023-01-25,2023-01-28
3417,2023-01-25,2023-02-04
918,2023-01-25,2023-01-28
576,2023-01-25,
3213,2023-01-25,2023-02-09
1882,2023-01-25,
910,2023-01-25,2023-02-03
2549,2023-01-25,
1963,2023-01-25,2023-01-27
1678,2023-01-25,2023-01-27
1677,2023-01-25,2023-01-26
3526,2023-01-25,2023-01-26
1150,2023-01-25,
739,2023-01-25,
747,2023-01-25,2023-01-27
3536,2023-01-25,2023-01-25
1690,2023-01-25,2023-01-26
817,2023-01-25,2023-02-18
503,2023-01-25,
810,2023-01-25,2023-02-10
2954,2023-01-25,2023-02-04
392,2023-01-25,2023-01-26
1134,2023-01-25,
2536,2023-01-25,
2540,2023-01-25,2023-02-03
2897,2023-01-26,2023-02-09
3832,2023-01-26,
3227,2023-01-26,
2170,2023-01-26,
2126,2023-01-26,
2128,2023-01-26,2023-02-04
3900,2023-01-26,
2913,2023-01-26,
3904,2023-01-26,
2129,2023-01-26,2023-02-12
2189,2023-01-26,
1931,2023-01-26,
3141,2023-01-26,
3863,2023-01-26,2023-02-01
2225,2023-01-26,2023-01-28
2503,2023-01-26,
2811,2023-01-26,2023-01-31
2058,2023-01-26,
3062,2023-01-26,2023-02-07
2521,2023-01-26,
3630,2023-01-26,
1875,2023-01-26,2023-01-28
2023,2023-01-26,2023-01-26
1835,2023-01-26,
3672,2023-01-26,2023-02-22
3461,2023-01-26,
2559,2023-01-26,2023-01-26
2010,2023-01-26,
3402,2023-01-26,
2306,2023-01-26,2023-02-17
2303,2023-01-26,
1990,2023-01-26,
3378,2023-01-26,
3743,2023-01-26,2023-01-27
2697,2023-01-26,
2508,2023-01-26,2023-01-28
2281,2023-01-26,2023-02-03
3777,2023-01-26,2023-02-04
2860,2023-01-26,2023-01-31
3050,2023-01-26,
2000,2023-01-26,
840,2023-01-26,
1147,2023-01-26,2023-01-26
990,2023-01-26,2023-02-05
377,2023-01-26,2023-01-27
416,2023-01-26,2023-01-31
631,2023-01-26,
1291,2023-01-26,2023-02-06
336,2023-01-26,
489,2023-01-26,2023-02-05
511,2023-01-26,
1744,2023-01-26,
1240,2023-01-26,
1148,2023-01-26,
1752,2023-01-26,2023-01-29
1245,2023-01-26,2023-01-28
1331,2023-01-26,2023-01-28
801,2023-01-26,2023-02-11
1224,2023-01-26,
26,2023-01-26,
892,2023-01-26,
772,2023-01-26,2023-01-26
281,2023-01-26,2023-02-11
778,2023-01-26,
496,2023-01-26,
220,2023-01-26,2023-01-26
917,2023-01-26,
908,2023-01-26,2023-02-19
2672,2023-01-27,
1932,2023-01-27,
2857,2023-01-27,2023-01-29
3618,2023-01-27,
3304,2023-01-27,
1029,2023-01-27,2023-01-28
3048,2023-01-27,2023-01-28
786,2023-01-27,2023-01-28
732,2023-01-27,
1334,2023-01-27,
588,2023-01-27,
2558,2023-01-27,
2312,2023-01-27,
3531,2023-01-27,2023-02-01
1252,2023-01-27,
1254,2023-01-27,
2396,2023-01-27,2023-01-27
3707,2023-01-27,2023-02-06
1084,2023-01-27,
866,2023-01-27,
3043,2023-01-27,
1616,2023-01-27,2023-02-06
298,2023-01-27,2023-01-29
2328,2023-01-27,
1018,2023-01-27,
881,2023-01-27,2023-02-01
1702,2023-01-27,
1879,2023-01-27,2023-01-31
3749,2023-01-27,2023-02-01
2866,2023-01-27,2023-02-12
197,2023-01-27,2023-01-31
3920,2023-01-27,2023-01-29
2830,2023-01-27,2023-02-11
895,2023-01-27,2023-01-28
1927,2023-01-27,
2788,2023-01-27,
3508,2023-01-27,2023-01-27
681,2023-01-27,2023-02-03
3253,2023-01-27,2023-01-28
3130,2023-01-27,
675,2023-01-27,2023-02-04
469,2023-01-27,2023-01-31
1476,2023-01-27,2023-01-29
673,2023-01-27,
2135,2023-01-27,
2815,2023-01-27,2023-02-03
1491,2023-01-27,
3690,2023-01-27,
3812,2023-01-27,2023-02-05
906,2023-01-27,2023-01-29
1214,2023-01-27,2023-01-28
1146,2023-01-27,2023-01-30
3312,2023-01-27,2023-02-06
3662,2023-01-27,
3070,2023-01-27,
2488,2023-01-27,
1001,2023-01-27,
2232,2023-01-27,2023-02-02
2449,2023-01-27,2023-01-28
1171,2023-01-27,
3142,2023-01-27,2023-01-31
2717,2023-01-27,
3089,2023-01-27,2023-02-03
1422,2023-01-27,
2799,2023-01-27,2023-01-31
442,2023-01-27,
638,2023-01-27,
3114,2023-01-27,2023-02-01
2716,2023-01-27,2023-02-10
2469,2023-01-28,2023-01-31
3390,2023-01-28,2023-02-21
2459,2023-01-28,2023-02-13
2408,2023-01-28,
3171,2023-01-28,2023-01-29
2416,2023-01-28,2023-02-20
398,2023-01-28,
1940,2023-01-28,2023-01-29
800,2023-01-28,2023-01-30
3052,2023-01-28,
1955,2023-01-28,2023-02-08
3783,2023-01-28,2023-02-06
713,2023-01-28,
3097,2023-01-28,2023-01-29
3113,2023-01-28,
1449,2023-01-28,
159,2023-01-28,
3441,2023-01-28,2023-02-06
89,2023-01-28,2023-01-29
2150,2023-01-28,
447,2023-01-28,2023-01-30
1501,2023-01-28,2023-01-28
3145,2023-01-28,
2099,2023-01-28,2023-02-24
2062,2023-01-28,
652,2023-01-28,
1403,2023-01-28,2023-01-28
3235,2023-01-28,
1388,2023-01-28,2023-02-03
1582,2023-01-28,2023-01-28
605,2023-01-28,2023-02-06
3232,2023-01-28,2023-01-29
1966,2023-01-28,2023-02-23
2341,2023-01-28,
3478,2023-01-28,
615,2023-01-28,
3746,2023-01-28,2023-02-08
1980,2023-01-28,
733,2023-01-28,
3685,2023-01-28,
1993,2023-01-28,
3462,2023-01-28,2023-01-31
2277,2023-01-28,
2262,2023-01-28,
3457,2023-01-28,
3891,2023-01-28,2023-02-05
1588,2023-01-28,2023-02-28
3504,2023-01-28,
2769,2023-01-28,2023-02-01
2824,2023-01-28,2023-01-29
1721,2023-01-28,
2905,2023-01-28,
1716,2023-01-28,2023-02-02
552,2023-01-28,2023-02-20
357,2023-01-28,2023-02-07
1757,2023-01-28,
3582,2023-01-28,2023-01-28
279,2023-01-28,
305,2023-01-28,
933,2023-01-28,
3628,2023-01-28,
2646,2023-01-28,
2594,2023-01-28,
558,2023-01-28,
3963,2023-01-28,
1075,2023-01-28,2023-01-28
3367,2023-01-28,2023-02-19
1802,2023-01-28,
1067,2023-01-28,
3351,2023-01-28,
2557,2023-01-28,2023-02-10
517,2023-01-28,
2909,2023-01-28,
3577,2023-01-28,2023-02-10
2687,2023-01-28,
2929,2023-01-28,
380,2023-01-28,
3593,2023-01-28,
3941,2023-01-28,2023-01-29
3319,2023-01-28,
2800,2023-01-28,
2685,2023-01-28,
2712,2023-01-28,2023-02-13
3663,2023-01-28,
331,2023-01-28,
1669,2023-01-28,2023-01-28
2840,2023-01-29,
705,2023-01-29,2023-01-29
1732,2023-01-29,
993,2023-01-29,
751,2023-01-29,
1842,2023-01-29,
1306,2023-01-29,2023-02-19
2026,2023-01-29,2023-02-03
1787,2023-01-29,
1314,2023-01-29,
710,2023-01-29,2023-01-31
2741,2023-01-29,
2043,2023-01-29,2023-02-03
1324,2023-01-29,
2017,2023-01-29,2023-01-31
440,2023-01-29,2023-02-01
3622,2023-01-29,2023-02-25
3898,2023-01-29,
2728,2023-01-29,
623,2023-01-29,
3980,2023-01-29,
880,2023-01-29,2023-02-03
1027,2023-01-29,2023-02-02
3561,2023-01-29,
1386,2023-01-29,
421,2023-01-29,
1414,2023-01-29,
586,2023-01-29,
755,2023-01-29,
2402,2023-01-29,2023-02-19
2821,2023-01-29,
1509,2023-01-29,2023-02-14
2812,2023-01-29,
2548,2023-01-29,2023-02-07
1513,2023-01-29,
921,2023-01-29,2023-01-30
914,2023-01-29,2023-02-20
2094,2023-01-29,2023-02-21
3952,2023-01-29,
382,2023-01-29,2023-02-01
2090,2023-01-29,2023-01-30
3932,2023-01-29,
1530,2023-01-29,2023-02-01
3667,2023-01-29,2023-01-30
3668,2023-01-29,
3180,2023-01-29,
2461,2023-01-29,2023-01-29
3691,2023-01-29,2023-02-03
1903,2023-01-29,2023-02-04
3158,2023-01-29,
275,2023-01-29,
2200,2023-01-29,
2393,2023-01-29,2023-02-16
2372,2023-01-29,2023-01-30
1628,2023-01-29,2023-02-22
3542,2023-01-29,
756,2023-01-29,2023-02-07
1626,2023-01-29,2023-01-31
3710,2023-01-29,
2896,2023-01-29,
414,2023-01-29,2023-02-13
2362,2023-01-29,2023-02-08
3236,2023-01-29,
3231,2023-01-29,2023-02-02
2889,2023-01-29,
368,2023-01-29,
61,2023-01-29,
1485,2023-01-30,
2759,2023-01-30,2023-02-01
3598,2023-01-30,
1525,2023-01-30,2023-02-18
3830,2023-01-30,
3571,2023-01-30,2023-02-06
973,2023-01-30,
2833,2023-01-30,2023-02-10
2171,2023-01-30,
1458,2023-01-30,
3127,2023-01-30,2023-02-15
1508,2023-01-30,
133,2023-01-30,
2131,2023-01-30,2023-02-08
1463,2023-01-30,
1037,2023-01-30,
2711,2023-01-30,2023-01-31
2593,2023-01-30,2023-02-08
2586,2023-01-30,
373,2023-01-30,2023-02-03
1105,2023-01-30,
1121,2023-01-30,2023-02-20
247,2023-01-30,2023-02-27
1129,2023-01-30,2023-02-17
3489,2023-01-30,
399,2023-01-30,
2967,2023-01-30,
2545,2023-01-30,
2443,2023-01-30,
2446,2023-01-30,
1138,2023-01-30,
831,2023-01-30,
2944,2023-01-30,2023-02-14
2495,2023-01-30,2023-02-05
1256,2023-01-30,
1272,2023-01-30,
288,2023-01-30,
869,2023-01-30,
347,2023-01-30,
1409,2023-01-30,2023-01-31
2246,2023-01-30,2023-02-02
3605,2023-01-30,
2688,2023-01-30,2023-02-05
717,2023-01-30,
2684,2023-01-30,
720,2023-01-30,2023-02-08
2836,2023-01-30,2023-02-13
1015,2023-01-30,
2664,2023-01-30,
3684,2023-01-30,2023-01-31
3756,2023-01-30,2023-02-05
2645,2023-01-30,
217,2023-01-30,
2640,2023-01-30,2023-02-19
1296,2023-01-30,
1286,2023-01-30,2023-02-17
1017,2023-01-30,
651,2023-01-30,
342,2023-01-30,
1919,2023-01-30,2023-02-07
1581,2023-01-30,
3207,2023-01-30,
1987,2023-01-30,
1576,2023-01-30,2023-02-01
1595,2023-01-30,
1597,2023-01-30,2023-01-31
1873,2023-01-30,
3395,2023-01-30,
1840,2023-01-30,
3301,2023-01-30,2023-02-24
3199,2023-01-30,2023-02-06
43,2023-01-30,2023-02-06
2025,2023-01-30,2023-02-06
3862,2023-01-30,2023-02-03
1809,2023-01-30,
518,2023-01-30,
1646,2023-01-30,
3387,2023-01-30,
1641,2023-01-30,
3776,2023-01-31,2023-01-31
363,2023-01-31,
3073,2023-01-31,
2721,2023-01-31,2023-02-07
187,2023-01-31,2023-02-03
183,2023-01-31,
1460,2023-01-31,2023-02-27
1456,2023-01-31,
3293,2023-01-31,
2168,2023-01-31,
3802,2023-01-31,2023-02-19
1707,2023-01-31,
1002,2023-01-31,
551,2023-01-31,
2702,2023-01-31,
2216,2023-01-31,2023-02-22
3775,2023-01-31,
693,2023-01-31,2023-02-24
2851,2023-01-31,2023-02-03
2678,2023-01-31,2023-02-19
697,2023-01-31,2023-02-16
3609,2023-01-31,2023-02-17
1725,2023-01-31,
1569,2023-01-31,2023-02-28
3096,2023-01-31,
1083,2023-01-31,2023-02-04
1855,2023-01-31,
3725,2023-01-31,
3006,2023-01-31,
1893,2023-01-31,2023-02-21
2382,2023-01-31,2023-02-20
2935,2023-01-31,2023-02-04
3509,2023-01-31,2023-01-31
1959,2023-01-31,
2499,2023-01-31,2023-02-21
3682,2023-01-31,
3241,2023-01-31,
598,2023-01-31,2023-02-11
1205,2023-01-31,
391,2023-01-31,2023-02-11
809,2023-01-31,
2497,2023-01-31,2023-02-20
1072,2023-01-31,
1131,2023-01-31,2023-02-05
1675,2023-01-31,
1372,2023-01-31,
3288,2023-01-31,
992,2023-01-31,2023-01-31
2600,2023-01-31,
2582,2023-01-31,2023-02-11
2898,2023-01-31,
1611,2023-01-31,
2900,2023-01-31,2023-02-01
2318,2023-01-31,
3030,2023-01-31,
1112,2023-01-31,2023-02-05
617,2023-01-31,
1128,2023-01-31,2023-02-06
2336,2023-01-31,2023-02-06
3039,2023-01-31,2023-02-20
151,2023-01-31,
2437,2023-01-31,
3458,2023-01-31,2023-02-21
3581,2023-01-31,
2820,2023-01-31,2023-02-13
509,2023-01-31,2023-01-31
467,2023-01-31,2023-02-10
3985,2023-01-31,2023-02-03
667,2023-01-31,2023-02-14
341,2023-01-31,
1549,2023-01-31,
1475,2023-01-31,
3166,2023-01-31,
455,2023-01-31,
126,2023-01-31,
3410,2023-01-31,2023-02-10
3178,2023-01-31,
913,2023-01-31,2023-02-01
