user_id,source,campaign,timestamp
1017.0,,,2022-12-15 13:06:36.361808000
1017.0,,,2023-02-20 02:46:59.416083200
1017.0,b,campaign_8,2023-02-08 13:10:49.026771200
1398.0,b,campaign_6,2023-01-07 06:37:27.756224000
1398.0,,,2023-01-19 00:49:56.166291200
707.0,,,2023-01-31 17:05:42.348672000
707.0,b,campaign_5,2023-01-21 10:51:52.800867200
707.0,,,2023-01-22 19:46:01.722048000
1285.0,,,2023-01-18 01:56:38.789177600
1285.0,,,2023-02-14 05:13:41.281683200
1285.0,a,campaign_3,2023-01-06 11:49:36.565366400
364.0,,,2023-01-18 12:49:12.584080000
364.0,,,2023-03-07 02:04:17.269868800
364.0,,,2023-04-04 03:27:42.058297600
364.0,,,2022-12-07 22:32:10.445670400
364.0,,,2023-03-05 14:18:40.153158400
529.0,,,2023-01-07 15:12:47.237539200
529.0,,,2023-04-08 07:08:08.343718400
529.0,b,campaign_7,2023-01-28 12:51:38.503680000
529.0,b,campaign_6,2023-02-09 14:34:35.307843200
826.0,b,campaign_6,2023-03-18 12:42:10.811254400
1153.0,a,campaign_2,2023-01-20 11:13:15.260851200
1153.0,b,campaign_9,2023-01-18 23:27:04.632227200
65.0,b,campaign_7,2023-02-03 02:29:28.217571200
65.0,,,2023-01-02 21:33:02.002185600
65.0,,,2022-11-30 19:12:14.678464000
730.0,a,campaign_3,2022-12-30 19:20:04.003843200
730.0,a,campaign_3,2023-03-15 19:56:24.012700800
575.0,,,2023-01-05 23:37:23.534537600
575.0,b,campaign_7,2023-01-19 09:06:08.745532801
575.0,,,2023-01-25 01:39:22.952083200
575.0,b,campaign_7,2022-12-22 19:26:38.638342400
575.0,a,campaign_3,2023-03-08 16:25:27.120211200
940.0,b,campaign_7,2023-03-10 10:28:46.933990400
940.0,,,2023-01-08 15:55:20.599673601
940.0,,,2023-03-01 23:55:08.861859200
815.0,,,2023-01-24 06:58:46.430921600
815.0,b,campaign_8,2023-01-13 23:48:38.565939200
815.0,b,campaign_7,2023-01-14 23:57:39.329651200
815.0,,,2022-12-15 18:27:23.597283200
815.0,,,2023-02-04 13:58:33.887139200
684.0,,,2023-01-29 19:07:57.026956800
684.0,b,campaign_9,2023-01-09 16:31:19.203744000
684.0,,,2023-02-18 20:46:14.395094400
684.0,b,campaign_4,2023-03-14 21:27:30.738566400
684.0,b,campaign_7,2023-02-09 08:32:15.997036800
174.0,,,2023-03-07 04:29:08.818102400
174.0,a,campaign_3,2023-02-03 00:08:43.412662400
891.0,b,campaign_6,2023-02-13 15:19:21.037907200
891.0,,,2022-11-13 23:13:20.958966400
194.0,,,2022-12-04 22:18:34.440668800
194.0,b,campaign_4,2023-03-23 18:58:59.736880000
194.0,,,2023-04-06 15:56:02.122585600
194.0,,,2022-12-02 21:41:22.544307200
194.0,,,2023-03-25 16:29:42.785478400
1190.0,a,campaign_3,2022-11-21 20:12:40.006387200
1190.0,,,2023-02-14 19:59:17.619782400
1190.0,,,2022-11-25 07:26:05.992217600
1190.0,,,2022-12-17 11:42:25.340134400
1190.0,,,2022-12-26 18:23:27.710726400
1469.0,,,2023-01-26 10:14:58.414492800
902.0,a,campaign_1,2023-02-16 13:36:12.961868800
902.0,a,campaign_3,2022-12-21 12:38:16.594176000
902.0,,,2023-03-04 18:40:27.130076800
902.0,a,campaign_2,2023-01-19 02:30:58.987148800
902.0,,,2022-12-22 21:28:15.068169600
1065.0,b,campaign_8,2023-03-15 14:09:04.490131200
105.0,,,2023-02-11 10:01:24.793808000
105.0,b,campaign_8,2023-02-03 21:00:01.952700800
105.0,,,2023-02-22 06:11:50.914812799
105.0,,,2022-12-29 02:20:20.197577600
105.0,,,2023-02-20 02:12:04.206214400
1374.0,,,2023-01-17 16:55:44.234720000
1374.0,,,2023-02-18 04:15:05.975398400
1374.0,b,campaign_4,2023-03-04 08:59:08.428361599
1374.0,,,2023-02-27 18:56:59.671308800
1108.0,,,2022-11-23 19:09:33.110563200
1108.0,,,2023-01-07 00:52:27.806528000
998.0,,,2023-02-24 05:50:33.455084799
998.0,b,campaign_7,2023-01-13 19:29:12.675539200
998.0,b,campaign_8,2023-01-17 22:15:03.505241600
998.0,,,2022-12-25 00:06:55.333718400
998.0,a,campaign_2,2023-01-18 14:30:40.126537600
1121.0,,,2023-02-13 14:56:00.747667200
1121.0,,,2023-02-28 00:31:43.855939200
566.0,b,campaign_10,2023-03-27 13:55:26.250588799
960.0,,,2023-01-20 02:51:41.402588800
251.0,a,campaign_2,2023-04-07 03:03:33.850185600
251.0,,,2023-02-15 09:13:18.086294400
253.0,,,2023-03-04 13:03:58.800009600
253.0,a,campaign_2,2023-01-21 18:21:54.806236800
347.0,b,campaign_6,2023-02-05 11:49:03.110022400
347.0,b,campaign_10,2022-12-21 17:50:56.208518400
347.0,a,campaign_3,2022-12-13 23:51:56.988294400
347.0,,,2023-04-01 03:11:51.697120000
1001.0,b,campaign_7,2023-02-26 03:15:17.064780800
849.0,b,campaign_10,2023-03-13 08:53:18.260409599
295.0,,,2023-01-31 03:26:09.784201600
295.0,b,campaign_9,2023-03-26 11:25:08.083196800
295.0,,,2023-02-11 00:23:06.475312000
295.0,,,2022-12-09 21:51:00.524704000
742.0,b,campaign_9,2023-03-21 12:16:28.223676800
742.0,,,2022-12-28 04:41:45.376057600
14.0,b,campaign_4,2023-01-13 16:37:27.097171200
14.0,,,2023-02-08 08:21:36.499430400
14.0,,,2023-02-17 03:27:02.068828800
14.0,,,2022-12-29 17:01:42.079996800
14.0,,,2023-01-16 14:19:41.307148801
1238.0,a,campaign_2,2023-01-06 05:26:48.169008000
1238.0,a,campaign_2,2023-04-05 20:11:26.078617600
476.0,b,campaign_5,2023-01-12 12:39:10.981388800
476.0,,,2023-01-28 22:45:24.274796799
1026.0,,,2023-01-18 06:00:28.762736000
1026.0,a,campaign_2,2023-03-21 14:40:45.568995200
1026.0,,,2022-12-02 19:12:55.497228800
1026.0,b,campaign_9,2023-03-01 05:38:08.336547200
789.0,a,campaign_2,2022-12-02 09:15:59.047084800
789.0,,,2023-01-18 12:28:07.930012800
1478.0,a,campaign_1,2023-01-04 20:33:08.645948800
1478.0,,,2023-01-15 07:33:55.071948800
1478.0,a,campaign_2,2022-12-23 10:08:47.695385600
1362.0,,,2023-02-20 22:15:54.459532800
1362.0,b,campaign_9,2022-12-21 19:07:41.007065600
1362.0,b,campaign_10,2023-02-01 20:19:00.022016000
1362.0,b,campaign_7,2023-03-24 05:29:47.563171200
305.0,,,2023-02-01 21:34:04.504003200
305.0,,,2023-02-28 17:17:21.992726400
305.0,,,2023-02-11 06:00:45.759542400
64.0,a,campaign_3,2023-01-04 07:05:29.593312000
746.0,b,campaign_7,2023-02-12 13:09:30.865600000
772.0,b,campaign_10,2023-01-10 21:23:29.529913600
772.0,b,campaign_6,2022-12-15 09:10:31.611270400
772.0,,,2023-01-29 21:27:25.255724800
39.0,b,campaign_8,2023-03-01 10:19:02.614262400
39.0,,,2023-01-22 00:48:44.324016000
39.0,b,campaign_8,2023-01-25 17:43:00.639993600
306.0,,,2022-12-29 00:17:51.611296000
1169.0,a,campaign_1,2023-01-21 12:30:19.588243200
360.0,b,campaign_8,2023-03-15 03:43:30.925094400
360.0,,,2023-01-26 18:23:51.928368000
360.0,b,campaign_6,2023-01-20 00:39:58.707475200
360.0,b,campaign_9,2023-01-06 00:53:48.352972800
920.0,,,2022-11-08 08:59:03.386441600
920.0,,,2023-02-01 23:35:05.060672000
1286.0,a,campaign_2,2023-01-20 01:32:53.984771200
1286.0,b,campaign_7,2023-02-06 17:17:14.914518400
1286.0,a,campaign_1,2023-03-02 07:53:52.365692800
1286.0,a,campaign_1,2023-03-14 01:27:36.094585600
1286.0,,,2023-01-25 03:02:06.153212800
1212.0,b,campaign_7,2023-02-15 21:20:41.823888000
1212.0,,,2022-12-19 11:24:01.179763200
1212.0,,,2023-03-03 03:04:36.783132800
1212.0,b,campaign_10,2022-12-27 07:03:22.612908800
1212.0,,,2023-01-18 02:27:09.821705600
766.0,,,2023-02-15 01:09:15.631939200
766.0,,,2023-01-03 10:00:38.677312000
766.0,,,2023-01-13 13:33:32.277779200
1352.0,,,2023-01-24 07:34:21.647305600
1352.0,,,2023-04-05 02:30:50.861699200
1352.0,,,2023-02-23 23:47:45.814864000
1352.0,,,2023-02-05 22:16:58.228988800
1352.0,b,campaign_7,2023-01-03 22:06:09.139436800
77.0,,,2023-01-18 14:05:39.888688000
77.0,b,campaign_5,2023-01-29 04:54:07.081356800
313.0,,,2023-01-28 06:45:09.761132800
313.0,b,campaign_4,2022-12-02 19:37:19.608230400
1035.0,,,2023-04-27 02:20:10.212342400
1035.0,b,campaign_7,2023-01-12 09:12:18.305593600
1035.0,,,2023-01-27 19:15:31.141436800
1035.0,,,2023-02-25 21:00:55.790867200
1035.0,b,campaign_10,2023-01-05 13:09:13.167555200
969.0,b,campaign_8,2023-02-09 07:49:38.276515200
969.0,a,campaign_1,2023-01-19 05:44:03.482764800
579.0,,,2023-03-03 05:03:54.429596800
579.0,b,campaign_8,2022-10-27 06:18:42.574611200
579.0,,,2023-02-22 01:51:53.108470400
579.0,,,2022-12-04 19:20:48.694857601
579.0,b,campaign_4,2023-01-14 08:27:39.584723200
1179.0,,,2023-02-26 14:27:29.992905600
1179.0,a,campaign_3,2023-03-03 11:01:27.656422400
1177.0,b,campaign_7,2022-12-03 08:01:55.716220800
1177.0,a,campaign_2,2023-02-22 12:47:23.971244800
1177.0,,,2023-02-24 09:03:40.939744000
1177.0,a,campaign_2,2023-03-08 10:41:36.947747200
871.0,a,campaign_1,2023-03-18 09:59:38.440294400
871.0,,,2023-02-16 16:27:28.279807999
335.0,,,2023-03-26 09:33:17.425542400
335.0,b,campaign_4,2023-02-07 06:33:11.853475200
335.0,,,2023-02-05 20:15:31.404822400
335.0,b,campaign_6,2023-01-09 15:53:20.717440000
1453.0,b,campaign_7,2023-01-30 01:58:03.240662400
1453.0,b,campaign_10,2023-02-11 14:00:54.298665600
1453.0,,,2022-12-26 00:16:57.778963200
1453.0,b,campaign_10,2023-01-23 11:20:17.453222400
152.0,b,campaign_7,2023-03-23 10:05:59.004425600
152.0,,,2022-12-12 16:02:25.043206400
152.0,b,campaign_9,2023-02-27 21:14:19.052518400
976.0,a,campaign_1,2023-01-03 00:51:46.998729600
976.0,,,2023-01-10 20:15:12.569510400
976.0,b,campaign_5,2023-02-14 20:47:17.108947200
1454.0,,,2022-12-29 11:20:04.173340800
1454.0,b,campaign_6,2023-01-27 07:04:04.557974400
1454.0,,,2023-01-27 16:49:22.963379200
1454.0,,,2022-12-21 03:24:13.286688000
202.0,b,campaign_10,2023-02-24 09:56:06.222803200
202.0,b,campaign_10,2023-03-02 04:52:44.133177600
202.0,a,campaign_3,2023-01-28 08:59:53.114976000
202.0,,,2023-02-09 21:26:00.253376000
202.0,b,campaign_6,2022-12-25 14:30:12.087580800
483.0,,,2022-12-10 04:34:44.911462400
483.0,a,campaign_2,2023-02-07 07:51:32.185558400
483.0,a,campaign_3,2023-03-08 06:48:54.651833600
483.0,a,campaign_3,2023-02-13 10:55:34.341372800
483.0,,,2022-12-17 22:15:03.322537600
1141.0,b,campaign_9,2023-02-23 12:54:10.641955200
1141.0,,,2023-02-10 10:18:26.868281600
1141.0,b,campaign_7,2023-01-20 22:55:14.999820800
382.0,b,campaign_5,2022-11-20 11:02:15.532480000
382.0,a,campaign_2,2023-03-12 14:38:34.450854400
382.0,,,2023-01-07 01:10:40.131260801
1274.0,,,2023-01-16 18:00:28.596355200
1274.0,,,2022-11-27 22:26:38.681894400
1124.0,,,2023-02-27 01:46:46.378508800
1124.0,,,2023-01-08 10:10:32.624332800
1124.0,,,2023-01-24 02:31:51.227289600
1124.0,,,2022-12-19 21:45:21.960841600
1124.0,b,campaign_5,2023-01-23 23:48:20.139139199
425.0,a,campaign_1,2023-02-17 13:43:56.589766400
425.0,b,campaign_4,2022-12-17 23:34:56.371030400
298.0,,,2023-02-23 16:20:41.855350400
298.0,b,campaign_10,2023-01-22 20:14:30.989865600
298.0,b,campaign_10,2022-12-29 03:31:40.796992000
298.0,b,campaign_6,2022-12-27 22:26:42.977283200
919.0,,,2023-03-21 05:43:07.155619200
919.0,,,2023-01-15 05:01:14.478937600
1276.0,b,campaign_5,2023-01-11 15:44:22.077372800
1276.0,b,campaign_5,2023-02-10 10:34:35.051404800
1276.0,,,2022-12-24 16:26:46.424403200
1276.0,b,campaign_7,2023-03-05 12:44:07.998147200
1276.0,,,2023-02-11 14:57:13.346092800
642.0,a,campaign_3,2023-03-07 00:00:20.903251200
642.0,a,campaign_3,2022-10-16 11:06:15.790185600
642.0,b,campaign_7,2023-03-14 04:02:03.570659200
642.0,,,2023-01-19 21:44:00.418300800
76.0,b,campaign_10,2023-03-27 15:11:37.043081600
76.0,b,campaign_4,2023-03-15 17:11:04.567366400
76.0,b,campaign_8,2023-01-12 10:42:16.679081600
76.0,,,2023-04-17 13:18:44.797241600
76.0,,,2023-02-27 01:35:03.425936000
208.0,a,campaign_1,2022-12-08 11:41:35.361974400
208.0,,,2022-11-25 11:46:42.947356800
372.0,b,campaign_10,2023-04-04 05:26:44.640739200
372.0,a,campaign_3,2023-01-21 15:49:12.914377600
448.0,,,2023-04-07 14:25:43.692182400
448.0,,,2022-12-18 01:47:09.037564800
448.0,,,2023-02-24 16:09:39.925244800
32.0,,,2022-12-11 15:43:12.666480000
761.0,a,campaign_1,2023-02-17 00:17:30.637302400
761.0,,,2023-03-09 07:21:11.511414400
761.0,b,campaign_7,2022-11-04 14:24:54.849136000
158.0,,,2023-01-12 05:53:59.088032000
158.0,b,campaign_6,2022-12-07 23:28:52.471344000
505.0,a,campaign_3,2023-01-12 11:33:23.443702400
505.0,b,campaign_9,2023-04-24 15:02:02.911788800
505.0,b,campaign_5,2023-02-19 06:03:45.986758401
626.0,,,2022-12-28 03:56:41.706867200
626.0,,,2023-03-26 15:49:43.945596800
749.0,a,campaign_1,2023-02-05 17:15:28.617571200
749.0,b,campaign_10,2023-03-08 23:14:39.353174400
749.0,,,2023-01-03 22:35:19.357737600
749.0,b,campaign_8,2023-01-03 19:09:16.353916800
210.0,a,campaign_3,2023-02-20 10:56:12.834144000
210.0,,,2023-01-28 05:29:33.112284800
210.0,,,2023-03-12 00:50:20.339340800
277.0,,,2023-01-09 18:51:38.169222400
277.0,b,campaign_10,2023-05-19 08:44:41.130822400
1230.0,,,2023-02-03 22:12:23.884854400
911.0,b,campaign_4,2023-02-07 21:36:30.771891200
911.0,b,campaign_5,2023-04-09 16:35:49.938841599
911.0,b,campaign_10,2023-03-04 05:08:19.932668800
911.0,b,campaign_8,2023-02-19 16:33:09.302060800
911.0,a,campaign_2,2022-12-13 10:22:09.642905600
697.0,,,2023-02-14 06:52:34.284336000
870.0,b,campaign_10,2023-01-27 17:05:41.803251199
870.0,,,2023-02-10 16:33:47.678739200
870.0,a,campaign_3,2023-01-20 06:34:18.603334400
870.0,a,campaign_3,2023-03-15 20:36:06.782083200
887.0,b,campaign_4,2023-01-18 06:20:46.194828800
887.0,,,2023-01-11 23:46:38.049219200
887.0,a,campaign_2,2022-11-25 13:19:21.479744000
469.0,,,2023-01-20 13:15:34.827676800
469.0,a,campaign_3,2023-01-22 13:19:57.469539200
469.0,,,2023-01-03 09:55:49.435347201
469.0,a,campaign_2,2023-03-13 00:49:49.506684800
469.0,b,campaign_4,2022-12-25 08:27:12.203404800
349.0,a,campaign_2,2023-01-18 11:11:26.708684800
349.0,b,campaign_9,2023-01-30 04:09:34.058310400
349.0,,,2023-01-26 19:41:20.538163200
1376.0,,,2023-01-12 19:15:19.776467200
1376.0,a,campaign_3,2023-02-06 08:43:51.787190400
1376.0,a,campaign_1,2023-01-28 08:50:32.839920000
1376.0,,,2022-11-23 13:55:49.124406400
73.0,,,2022-12-20 19:32:34.627468800
73.0,a,campaign_1,2023-01-21 00:30:23.908124800
1400.0,b,campaign_7,2023-02-01 21:07:56.543929599
1400.0,b,campaign_6,2023-02-14 22:47:03.133868800
745.0,,,2023-01-27 09:16:00.778441600
745.0,,,2023-05-25 06:02:49.834825600
745.0,,,2023-02-08 12:30:48.016153600
214.0,,,2023-02-08 03:07:28.849427200
214.0,b,campaign_9,2023-04-28 17:27:17.759859200
214.0,,,2023-02-24 11:42:56.554851200
1193.0,b,campaign_7,2023-02-12 11:53:01.329539200
1046.0,b,campaign_8,2023-02-20 05:33:56.214227200
1046.0,,,2022-11-25 14:14:58.350873600
85.0,b,campaign_10,2023-03-08 10:13:34.892470400
85.0,a,campaign_1,2023-01-08 03:32:35.358790400
85.0,a,campaign_2,2023-02-10 00:29:24.977782400
85.0,,,2023-01-26 21:40:32.021974400
85.0,,,2022-12-26 21:54:35.760313600
460.0,,,2022-12-08 17:49:28.574307201
460.0,,,2023-02-26 18:13:03.824624000
460.0,a,campaign_1,2023-02-04 02:47:08.662812800
599.0,b,campaign_5,2022-12-29 18:10:37.532873600
599.0,b,campaign_6,2023-02-17 14:24:44.670243199
1447.0,,,2022-12-08 07:41:15.539913600
1447.0,a,campaign_2,2022-12-29 01:13:29.584790400
1447.0,b,campaign_6,2022-11-16 08:58:07.100316800
1447.0,b,campaign_10,2022-12-11 11:44:34.229184000
885.0,b,campaign_5,2022-12-15 23:35:53.828128000
885.0,,,2023-01-30 12:03:32.732924800
885.0,,,2023-01-03 07:16:06.165491200
885.0,,,2023-02-25 07:46:46.544761600
415.0,,,2023-04-15 23:21:19.671385600
415.0,b,campaign_7,2022-12-27 02:28:32.813731200
415.0,a,campaign_3,2022-12-31 05:35:08.072064000
415.0,b,campaign_7,2023-03-06 05:02:24.477235200
189.0,a,campaign_1,2022-12-30 17:21:16.504105600
336.0,b,campaign_9,2022-12-19 18:34:39.720966400
336.0,,,2023-01-25 16:00:12.768092800
336.0,,,2022-12-15 14:13:22.914352000
336.0,,,2023-01-26 12:22:09.947123200
336.0,,,2023-02-17 09:52:44.972444800
1096.0,a,campaign_2,2022-12-28 00:13:40.299523200
403.0,a,campaign_1,2023-03-08 08:57:53.931648000
831.0,,,2023-02-20 19:42:57.799433600
831.0,b,campaign_8,2023-02-04 14:08:26.317900800
831.0,,,2022-11-16 07:25:50.245612800
831.0,,,2023-02-16 20:48:41.038150400
702.0,a,campaign_2,2022-12-14 08:05:03.410409600
1213.0,,,2023-01-07 22:04:57.887507200
1213.0,,,2023-02-06 06:15:00.551324800
1213.0,b,campaign_7,2022-12-16 14:16:15.314684800
851.0,b,campaign_6,2023-03-18 11:47:33.731702400
851.0,,,2023-04-07 11:34:48.542284800
851.0,a,campaign_1,2023-02-12 15:31:37.358528000
851.0,b,campaign_9,2023-03-06 02:53:26.246614400
1186.0,a,campaign_1,2023-02-28 00:23:55.005436800
1186.0,,,2023-03-18 21:47:47.571350400
1186.0,,,2023-01-14 08:22:27.827635200
1186.0,,,2023-02-20 17:42:14.518934400
1186.0,b,campaign_6,2023-01-28 13:18:16.649414400
1484.0,a,campaign_2,2023-02-17 17:47:10.665587200
1484.0,b,campaign_7,2022-12-22 23:00:16.386320000
1484.0,,,2023-02-01 05:28:22.727411200
1484.0,,,2023-04-15 00:21:41.864012799
1484.0,b,campaign_5,2023-03-06 18:15:09.269411200
1420.0,a,campaign_2,2023-03-06 23:09:44.420022400
1420.0,b,campaign_8,2022-12-20 23:57:27.223219200
1420.0,,,2023-01-21 11:28:00.197030400
1420.0,b,campaign_8,2023-02-26 02:48:21.909251200
266.0,,,2023-03-16 07:08:55.527718400
1122.0,b,campaign_7,2023-02-06 15:02:11.485884800
1122.0,b,campaign_10,2022-10-17 19:15:26.911350400
1122.0,b,campaign_6,2023-02-20 03:04:31.217056000
1184.0,,,2023-02-01 01:15:25.700620800
1256.0,a,campaign_2,2023-01-15 01:36:20.031344000
248.0,,,2023-03-21 14:22:48.004128000
248.0,a,campaign_2,2023-03-17 09:25:49.067062400
446.0,b,campaign_6,2022-12-15 10:27:32.748982400
446.0,,,2022-12-16 10:05:03.153161601
446.0,b,campaign_6,2023-01-25 23:22:12.597292800
837.0,,,2023-02-03 07:26:18.540406400
4.0,b,campaign_9,2023-02-16 17:37:50.886953600
4.0,,,2023-02-16 03:00:19.205843200
4.0,a,campaign_2,2023-02-03 16:03:26.074643200
4.0,,,2023-01-20 05:48:04.159916800
479.0,,,2023-03-10 18:37:05.789494400
479.0,b,campaign_4,2023-01-16 11:41:07.076067200
479.0,,,2023-03-15 09:14:47.387657600
587.0,b,campaign_5,2023-02-11 03:40:48.610563199
587.0,b,campaign_8,2023-01-05 19:51:05.861091200
587.0,b,campaign_6,2022-12-30 14:28:52.406201600
587.0,,,2023-01-06 05:04:53.109468800
564.0,b,campaign_6,2022-12-27 14:47:40.218073601
888.0,b,campaign_10,2023-02-13 13:09:17.042601600
888.0,b,campaign_5,2023-02-26 07:02:00.422102400
888.0,,,2023-02-05 04:24:05.719564800
763.0,b,campaign_7,2022-12-19 20:26:44.874368000
1314.0,,,2023-01-29 21:43:40.557977600
1314.0,,,2023-01-12 19:54:02.150710400
1314.0,,,2023-03-27 12:59:27.481414399
1314.0,,,2022-12-26 06:31:30.262668800
1314.0,,,2023-01-11 15:02:54.131004800
1289.0,,,2023-03-03 22:28:08.783596800
1289.0,,,2022-12-20 23:45:19.596192000
1289.0,,,2023-01-27 20:30:04.351574400
1289.0,b,campaign_6,2023-01-11 17:48:49.978464000
1289.0,,,2023-01-31 18:31:17.308076800
989.0,,,2023-01-27 09:44:16.444880000
989.0,,,2023-03-01 03:07:16.287411200
989.0,,,2023-01-17 02:27:59.394857601
989.0,,,2023-02-03 15:15:11.424771200
1027.0,,,2023-01-05 18:09:44.959446400
1438.0,,,2023-03-06 17:24:43.161321600
1438.0,b,campaign_9,2023-01-12 09:24:46.328688000
1438.0,a,campaign_1,2023-01-19 03:20:51.841462400
167.0,b,campaign_8,2023-03-05 17:41:15.278960000
167.0,b,campaign_8,2023-02-15 00:03:05.875702400
167.0,b,campaign_8,2023-04-07 12:21:17.342124800
167.0,a,campaign_2,2023-03-11 19:25:10.486764799
136.0,a,campaign_2,2023-01-11 01:40:18.024566400
136.0,,,2022-11-27 03:43:01.413676800
115.0,,,2023-01-28 15:01:49.520524800
553.0,b,campaign_9,2022-12-20 11:28:19.076928000
553.0,b,campaign_9,2023-02-18 19:44:17.703907200
553.0,b,campaign_7,2022-12-27 20:58:16.707724800
553.0,,,2023-02-14 10:15:57.681091200
396.0,a,campaign_3,2023-03-29 17:30:46.060844800
396.0,,,2023-02-09 19:39:08.489171200
396.0,,,2023-05-13 18:06:21.934163200
84.0,b,campaign_4,2023-02-03 04:25:42.261593600
84.0,b,campaign_4,2022-10-22 21:47:22.080217600
84.0,b,campaign_5,2022-12-04 22:45:09.797526400
84.0,,,2022-12-29 09:59:57.158243200
84.0,b,campaign_8,2023-01-13 20:22:55.684441600
391.0,a,campaign_2,2022-12-04 21:27:21.963200000
391.0,,,2023-02-17 03:41:46.818041599
611.0,b,campaign_9,2022-11-22 22:09:56.237772800
611.0,,,2023-02-15 06:53:06.978265600
611.0,,,2023-03-19 07:56:59.003680000
611.0,,,2023-03-21 12:18:13.976480000
611.0,,,2023-02-07 23:19:46.325065600
310.0,,,2023-01-18 10:14:24.191715200
310.0,,,2023-03-09 00:39:59.942009600
1024.0,b,campaign_5,2023-02-13 18:18:04.928406400
1024.0,,,2023-01-19 11:43:16.569491200
185.0,,,2023-03-28 07:38:50.051129600
411.0,b,campaign_5,2023-01-12 13:31:20.628380800
411.0,b,campaign_9,2023-02-23 23:18:38.419792000
191.0,,,2023-01-03 01:39:37.911670400
191.0,,,2023-02-05 09:01:59.951667199
191.0,b,campaign_10,2023-02-02 01:48:31.718777600
191.0,,,2022-12-27 16:18:11.873936000
191.0,,,2023-01-27 20:03:10.123558400
900.0,,,2023-01-26 17:51:36.882537600
900.0,b,campaign_8,2023-01-13 03:56:57.010118400
900.0,b,campaign_9,2023-01-01 04:05:37.842451200
112.0,b,campaign_9,2023-04-23 02:35:54.011494400
112.0,b,campaign_5,2023-02-10 12:04:43.973052800
112.0,,,2023-02-05 00:42:56.032774400
112.0,,,2023-01-31 23:57:04.525308800
366.0,b,campaign_10,2023-03-26 17:35:15.157273600
366.0,,,2022-11-28 20:17:39.845993600
366.0,b,campaign_6,2023-01-18 14:31:16.856313600
366.0,,,2023-02-12 10:03:50.957913600
768.0,b,campaign_4,2023-02-02 12:36:36.732521599
1237.0,,,2022-12-18 14:07:38.894809600
1237.0,b,campaign_4,2023-02-09 07:08:10.260313600
1237.0,,,2023-02-14 03:52:13.987904000
1477.0,,,2023-01-20 20:22:47.500499200
1477.0,,,2023-02-24 11:07:58.251136000
1477.0,,,2023-01-10 03:12:31.481008000
1477.0,a,campaign_2,2022-11-28 21:40:08.416403201
1477.0,b,campaign_6,2023-02-14 11:20:59.421961600
159.0,,,2023-03-21 12:32:06.439529600
159.0,b,campaign_6,2022-12-22 11:19:39.079584000
159.0,,,2023-03-16 09:27:17.568383999
159.0,,,2023-01-17 05:50:27.757318400
1016.0,b,campaign_5,2023-01-01 03:28:45.870003200
1016.0,,,2022-12-29 08:02:19.679849600
1016.0,a,campaign_1,2023-02-07 09:43:27.699420800
830.0,,,2023-03-15 12:06:21.769212800
830.0,,,2023-02-13 03:52:10.756505600
943.0,,,2022-12-11 11:44:38.767964800
943.0,a,campaign_1,2023-02-15 04:46:33.420617600
648.0,,,2022-12-03 17:46:26.707059200
648.0,,,2022-11-07 04:16:18.778019200
605.0,,,2023-02-17 13:47:26.656627200
605.0,a,campaign_3,2023-01-23 22:58:08.240304000
605.0,,,2023-02-15 07:10:10.564406400
605.0,,,2023-02-20 19:16:51.602448000
381.0,b,campaign_4,2023-01-24 14:45:46.009251200
466.0,b,campaign_7,2022-11-30 00:26:25.260310400
466.0,b,campaign_6,2023-02-28 05:14:16.355139200
466.0,b,campaign_4,2023-02-22 08:06:04.106864000
466.0,,,2023-03-01 17:22:11.504249600
26.0,b,campaign_10,2023-02-04 00:53:54.929337600
26.0,b,campaign_4,2023-01-23 00:50:42.275481600
512.0,b,campaign_9,2023-02-21 12:58:44.873228800
512.0,,,2023-02-25 14:50:44.881283200
1244.0,,,2023-01-16 10:17:14.915952000
1341.0,b,campaign_5,2023-03-25 00:59:09.735737599
49.0,,,2023-03-27 09:13:08.535932800
49.0,,,2023-01-23 15:05:48.721968000
49.0,b,campaign_10,2023-01-31 14:15:34.871756800
1357.0,,,2023-01-16 14:04:36.539718400
1312.0,b,campaign_7,2023-01-30 09:06:00.704316800
1312.0,b,campaign_10,2022-12-09 13:20:06.110028800
1312.0,b,campaign_8,2022-11-16 16:52:28.666803200
1312.0,b,campaign_9,2023-01-28 03:56:13.873305600
1312.0,,,2023-01-15 09:38:24.488928000
1140.0,,,2023-01-21 19:23:33.458412800
880.0,,,2023-01-10 14:15:09.340464000
880.0,,,2023-03-02 19:45:19.154393600
880.0,a,campaign_1,2023-01-25 22:54:07.520995200
103.0,b,campaign_5,2022-12-15 04:42:24.897526400
103.0,b,campaign_5,2023-01-09 14:51:38.018777600
877.0,,,2022-12-30 18:35:47.406841600
877.0,,,2023-01-13 23:20:16.526646400
877.0,a,campaign_3,2023-03-12 08:53:44.058233600
877.0,,,2023-03-25 21:23:15.449411200
727.0,a,campaign_3,2023-02-10 22:38:08.438428800
727.0,,,2023-02-21 12:15:46.373264000
604.0,a,campaign_2,2023-01-10 20:34:18.780332800
604.0,a,campaign_3,2023-03-13 11:10:39.565084800
604.0,b,campaign_7,2023-02-09 08:09:27.384710400
635.0,a,campaign_3,2023-01-17 17:34:10.006070400
635.0,,,2023-01-02 05:18:05.690227200
635.0,,,2023-02-05 16:02:10.621574400
635.0,a,campaign_3,2023-01-31 08:11:15.733632000
635.0,,,2023-01-13 04:15:42.600556800
1334.0,b,campaign_10,2023-02-24 11:39:43.188486400
1334.0,,,2023-05-20 01:48:40.319744000
1391.0,a,campaign_2,2022-12-25 06:21:32.051116800
1391.0,,,2022-12-25 12:02:40.449148800
1391.0,,,2023-02-19 05:17:16.968979200
1391.0,a,campaign_2,2023-03-14 17:13:45.032684800
1391.0,b,campaign_8,2022-12-25 20:39:55.389974401
1497.0,,,2023-01-02 15:01:49.447062400
1497.0,,,2023-01-14 00:34:32.429574400
1497.0,,,2022-12-14 04:15:50.985769600
1405.0,,,2023-01-19 10:34:16.763091200
1405.0,a,campaign_3,2022-12-17 08:20:29.086025600
1405.0,,,2023-02-09 01:03:16.919974400
399.0,a,campaign_3,2023-01-08 01:56:56.528140800
399.0,,,2023-01-11 18:46:58.235385600
675.0,,,2023-02-05 20:48:33.932780800
675.0,b,campaign_4,2023-03-04 15:42:52.765302399
737.0,,,2022-12-02 16:28:59.192608000
737.0,,,2023-03-07 20:10:01.493507200
737.0,a,campaign_3,2023-03-19 13:25:18.349062400
495.0,b,campaign_4,2023-04-24 19:16:31.207456000
495.0,,,2023-02-06 19:42:32.786867200
495.0,,,2023-01-20 00:04:58.848876800
1360.0,,,2023-02-22 15:13:07.394572800
1360.0,a,campaign_2,2023-02-13 04:05:52.090320000
1360.0,,,2023-02-13 01:22:49.423516800
1372.0,b,campaign_9,2023-05-04 12:39:49.522460799
1372.0,,,2023-04-15 16:52:59.358214400
1354.0,a,campaign_2,2023-02-11 01:12:21.453251200
1354.0,b,campaign_5,2023-01-22 00:01:43.263769600
1354.0,,,2023-04-15 16:18:02.548700800
1355.0,b,campaign_5,2023-01-21 13:30:02.452118400
1355.0,,,2022-12-10 03:12:08.043936000
1355.0,b,campaign_4,2023-02-12 04:35:32.260172800
1355.0,b,campaign_10,2023-02-04 12:47:14.852416000
1252.0,b,campaign_8,2022-12-26 18:26:31.218147200
240.0,a,campaign_3,2023-01-07 07:59:26.742998400
240.0,b,campaign_8,2022-10-09 09:10:37.274332800
240.0,,,2023-04-04 07:01:03.403747200
240.0,b,campaign_6,2023-02-08 04:05:43.824364800
240.0,,,2023-01-29 02:59:56.471712000
414.0,b,campaign_5,2023-01-14 22:08:03.768048000
963.0,b,campaign_7,2022-11-17 14:43:06.681497600
963.0,,,2023-02-05 21:49:35.624518400
782.0,b,campaign_9,2022-12-02 13:11:59.262336001
782.0,,,2023-03-22 16:00:19.312435200
782.0,,,2023-03-07 00:58:20.824726400
782.0,b,campaign_8,2023-03-19 20:04:09.439936000
559.0,b,campaign_4,2023-03-23 13:33:14.692515200
975.0,,,2023-03-13 12:44:16.047369599
975.0,,,2023-04-01 12:57:38.065910400
62.0,,,2023-01-20 15:43:04.679603200
62.0,,,2023-03-04 03:14:04.741392000
1178.0,b,campaign_8,2023-02-15 03:42:59.991155200
1178.0,b,campaign_9,2023-01-21 16:55:26.069459200
1178.0,,,2023-01-30 06:41:33.516524800
1178.0,b,campaign_6,2023-01-16 23:43:21.063846400
1488.0,b,campaign_7,2022-11-08 13:44:49.606659200
1488.0,,,2023-03-13 05:20:00.453353600
1488.0,b,campaign_10,2023-02-17 00:59:25.264064000
1488.0,,,2023-03-24 09:26:59.073200000
1488.0,,,2023-04-14 07:36:10.313782400
889.0,,,2023-01-18 01:01:24.180230400
968.0,a,campaign_3,2023-03-19 21:42:53.369068800
968.0,a,campaign_3,2023-02-18 20:29:55.357516800
1106.0,,,2022-11-17 12:56:11.701097600
972.0,,,2022-12-11 05:40:33.810489600
972.0,,,2022-12-31 23:14:10.762432000
972.0,b,campaign_6,2023-01-01 03:52:57.435705600
972.0,,,2022-12-04 14:04:04.132134400
972.0,a,campaign_2,2023-01-06 03:35:32.409129600
1107.0,,,2023-02-02 05:40:00.161526400
1414.0,,,2023-03-07 13:20:42.630553600
1414.0,,,2023-01-23 23:50:11.445030400
1414.0,,,2023-01-26 18:58:11.134502400
264.0,,,2023-02-22 03:23:53.777888000
264.0,b,campaign_9,2023-02-10 05:18:53.807513601
264.0,,,2023-01-01 09:59:46.357692800
264.0,b,campaign_8,2023-01-02 02:33:27.830268800
88.0,,,2023-03-08 03:17:37.889542400
88.0,,,2023-02-22 11:06:45.970108800
88.0,b,campaign_10,2023-01-28 08:47:26.992803200
88.0,,,2023-03-06 09:23:29.663984000
88.0,,,2023-01-20 02:57:07.950118400
1492.0,b,campaign_5,2023-02-04 06:25:28.477433600
1492.0,b,campaign_4,2023-02-05 19:04:50.082355200
1492.0,,,2023-02-16 23:38:27.356038400
1492.0,,,2023-03-04 07:00:51.261228800
1492.0,,,2023-02-15 18:32:31.303558400
412.0,b,campaign_8,2023-01-12 06:44:18.808630400
412.0,b,campaign_5,2022-12-24 08:48:20.283513600
1057.0,,,2023-01-05 02:18:25.007558400
1057.0,b,campaign_8,2023-01-21 14:31:03.458291199
1057.0,b,campaign_7,2023-03-07 12:12:41.532505600
1057.0,,,2022-12-15 20:39:54.182732800
1057.0,,,2022-12-26 07:29:13.235622400
2.0,b,campaign_10,2023-01-28 10:31:47.695068800
2.0,,,2022-11-18 13:32:19.457043200
2.0,,,2023-04-04 18:35:23.424323200
2.0,b,campaign_8,2023-02-04 20:20:40.073830400
683.0,,,2023-01-24 09:01:02.053846400
683.0,a,campaign_2,2023-02-01 04:27:22.263132800
683.0,b,campaign_10,2023-02-23 08:36:35.226704000
683.0,b,campaign_7,2023-01-19 03:37:08.547065600
188.0,b,campaign_10,2023-04-02 02:01:27.935196800
5.0,b,campaign_9,2023-01-24 05:33:01.551558400
181.0,,,2023-03-10 05:41:19.671955200
181.0,b,campaign_4,2023-01-31 06:11:31.244492800
181.0,b,campaign_6,2023-03-20 23:05:37.540633600
181.0,,,2023-01-29 20:12:09.033427200
181.0,b,campaign_8,2023-02-04 06:15:09.908873600
1067.0,,,2023-02-22 09:00:37.668022400
1348.0,,,2022-12-09 04:58:29.950947200
1348.0,,,2023-02-03 03:30:23.806534400
1348.0,b,campaign_7,2023-01-07 04:40:46.112976000
1348.0,,,2023-01-11 22:55:14.267388800
1110.0,b,campaign_8,2023-03-27 03:42:35.843456000
1110.0,b,campaign_5,2023-02-12 13:38:20.606048000
1110.0,,,2023-01-19 22:03:17.005088000
1110.0,,,2023-01-23 14:29:21.435040000
1110.0,a,campaign_1,2023-03-18 03:55:36.490284800
1010.0,,,2023-01-05 04:13:46.043635200
1010.0,,,2022-12-13 21:03:58.212998400
1010.0,,,2022-12-18 13:02:58.543078400
1010.0,b,campaign_10,2023-01-20 08:46:46.682412800
1010.0,,,2023-02-25 20:42:36.560979200
757.0,,,2023-02-10 19:13:08.480508800
757.0,,,2023-04-09 07:26:39.242540800
757.0,b,campaign_6,2023-03-09 09:05:46.075414400
757.0,,,2022-12-26 23:55:12.501622400
506.0,b,campaign_7,2023-01-30 06:00:35.145244800
506.0,a,campaign_3,2023-03-09 21:23:24.187100800
506.0,,,2022-12-06 18:35:31.397424000
506.0,,,2023-01-17 11:15:26.655011200
636.0,a,campaign_3,2022-12-18 00:59:07.444896000
636.0,b,campaign_5,2023-01-09 14:41:24.009123200
154.0,,,2023-01-28 14:41:38.150345600
154.0,b,campaign_8,2022-11-21 19:14:45.313222400
154.0,b,campaign_10,2022-12-10 19:05:13.640105600
154.0,,,2023-03-04 02:07:02.916368000
557.0,a,campaign_3,2023-02-16 19:40:35.470476800
1025.0,b,campaign_8,2023-03-06 13:41:20.180787200
1025.0,b,campaign_9,2023-03-04 13:01:01.413478400
1025.0,,,2023-01-26 09:33:06.187635200
1025.0,b,campaign_8,2023-03-26 00:04:45.529088000
1025.0,a,campaign_2,2023-03-02 07:24:41.345552000
1054.0,,,2023-03-07 01:57:45.535129600
1054.0,,,2023-02-27 07:11:38.185014400
1054.0,b,campaign_8,2022-12-19 14:46:48.446953600
1054.0,,,2023-01-14 02:35:48.758243200
1054.0,,,2023-01-20 10:25:26.729968000
1412.0,a,campaign_2,2023-02-09 00:08:04.239676800
1412.0,b,campaign_7,2023-01-05 06:11:26.586057600
1412.0,a,campaign_1,2022-12-25 20:43:31.075785600
1412.0,b,campaign_7,2023-01-16 07:25:58.793395200
639.0,a,campaign_3,2023-02-08 03:10:24.581084800
639.0,b,campaign_10,2023-02-26 12:47:41.204857600
639.0,,,2023-01-18 07:43:25.468902400
639.0,,,2023-03-03 00:55:28.927888000
639.0,b,campaign_8,2023-03-10 13:06:56.603206400
1225.0,b,campaign_8,2023-01-11 09:49:25.486768000
1225.0,b,campaign_8,2022-11-29 16:41:11.977513600
1225.0,,,2023-01-17 19:33:58.381273600
842.0,,,2023-04-19 00:17:21.896230400
842.0,b,campaign_7,2023-03-04 05:27:09.218691200
842.0,,,2022-12-02 15:23:11.398246400
1369.0,,,2023-04-15 12:27:23.269766400
1369.0,a,campaign_3,2023-03-20 17:08:12.721740800
1369.0,,,2023-01-08 09:30:55.473798400
1369.0,a,campaign_2,2023-01-01 01:03:58.954192000
338.0,,,2023-01-17 19:17:22.565942401
338.0,,,2022-12-14 10:20:59.694067200
338.0,a,campaign_2,2023-04-03 05:19:46.264550400
303.0,,,2023-01-20 00:17:33.897059200
303.0,b,campaign_5,2023-04-03 11:45:45.109811200
1042.0,b,campaign_6,2023-02-11 17:14:17.027721600
1042.0,,,2023-02-15 01:14:55.418841600
1042.0,a,campaign_1,2023-01-15 21:54:23.692480000
1042.0,b,campaign_7,2023-01-03 06:01:39.671516800
1042.0,,,2022-12-30 13:17:07.836000001
1005.0,,,2023-02-27 21:16:35.007468800
1005.0,,,2023-01-15 04:04:52.551091200
384.0,b,campaign_7,2023-04-21 06:00:46.852518400
384.0,b,campaign_4,2023-03-06 01:48:40.679843200
384.0,b,campaign_5,2023-03-01 21:07:10.384710400
384.0,b,campaign_7,2023-02-07 09:20:20.817616000
384.0,a,campaign_2,2023-03-02 13:30:22.295651200
67.0,b,campaign_4,2023-01-14 13:00:55.996851200
67.0,,,2022-11-09 00:39:34.213292800
67.0,b,campaign_7,2023-02-13 13:22:54.373068800
67.0,b,campaign_6,2023-02-12 00:29:22.366668800
1262.0,b,campaign_5,2022-11-18 11:05:25.007785600
1262.0,b,campaign_8,2022-11-02 18:22:42.075660800
1262.0,b,campaign_4,2023-02-17 12:22:36.467862400
1386.0,,,2023-03-05 08:00:19.093068800
1386.0,b,campaign_5,2022-12-14 04:34:28.155158400
1386.0,b,campaign_6,2022-12-24 13:58:31.823408000
1386.0,b,campaign_5,2023-01-17 16:58:12.240307200
1091.0,,,2022-12-20 09:04:30.160508800
486.0,,,2023-01-22 13:20:34.392969600
1031.0,,,2022-11-26 17:39:57.978934400
1031.0,b,campaign_7,2022-11-08 06:17:54.889049600
1031.0,b,campaign_7,2023-01-05 10:50:27.551616000
834.0,a,campaign_2,2023-01-17 09:48:31.930192000
834.0,,,2023-02-26 17:52:12.679171200
834.0,,,2023-01-22 05:51:48.033830400
607.0,,,2022-12-10 01:32:55.627478400
607.0,,,2022-12-20 02:43:57.204684800
607.0,b,campaign_5,2023-01-22 04:11:55.248579200
1211.0,,,2023-01-17 19:57:00.317456000
1211.0,,,2023-01-17 04:02:40.139232000
1211.0,,,2023-03-18 22:07:35.325612800
1211.0,,,2023-03-02 23:21:06.880515200
1284.0,,,2022-12-18 14:33:09.509555200
1284.0,,,2022-12-28 14:16:44.938428800
1284.0,b,campaign_10,2023-02-02 03:44:48.437724800
1284.0,b,campaign_9,2022-11-24 04:07:54.557721600
1284.0,b,campaign_7,2022-12-08 09:28:16.632764800
532.0,,,2023-02-01 04:27:29.648172800
532.0,,,2023-02-15 19:45:28.484224000
532.0,b,campaign_9,2023-02-03 04:21:59.410643200
235.0,,,2023-01-03 04:44:15.007244800
235.0,b,campaign_5,2023-01-12 11:34:58.149510400
235.0,,,2023-01-05 03:30:36.720505600
235.0,a,campaign_1,2022-11-21 21:19:52.722467200
28.0,a,campaign_3,2022-11-24 16:49:07.688928000
28.0,b,campaign_5,2023-01-18 10:35:30.192345600
28.0,b,campaign_7,2022-12-27 02:17:34.792742400
28.0,,,2023-03-30 12:27:40.455520000
28.0,,,2023-02-16 03:34:37.041283200
578.0,,,2023-02-23 10:08:55.026243200
578.0,b,campaign_8,2023-02-20 02:53:20.817507200
578.0,,,2023-01-29 23:42:24.033200000
1304.0,,,2023-03-08 04:34:54.751676800
1304.0,,,2023-03-06 08:28:29.948678400
1304.0,,,2023-02-08 20:59:08.682777600
1304.0,a,campaign_2,2023-02-25 20:15:24.113785600
137.0,,,2023-02-10 06:14:36.005766399
137.0,b,campaign_7,2023-02-05 07:42:20.752128000
137.0,,,2022-12-27 20:35:26.515964801
759.0,,,2023-03-23 14:12:13.215091200
759.0,,,2023-02-11 17:43:34.817011200
759.0,a,campaign_3,2023-03-05 07:35:25.863484800
759.0,a,campaign_3,2023-02-22 16:37:02.217644800
1349.0,,,2023-04-07 07:12:58.713235200
1349.0,,,2023-02-23 19:59:34.122854400
1349.0,a,campaign_2,2023-03-24 13:17:35.026224000
974.0,a,campaign_1,2022-12-11 06:43:33.096144000
974.0,b,campaign_8,2022-12-26 01:55:22.781971200
974.0,,,2023-01-14 06:31:47.961577600
773.0,,,2023-01-17 00:21:01.275520000
773.0,b,campaign_5,2023-01-27 21:00:45.685641600
773.0,b,campaign_6,2023-01-10 18:17:21.206569600
258.0,,,2023-01-25 17:43:03.807785600
258.0,,,2023-02-16 02:43:35.729059200
258.0,b,campaign_5,2023-02-28 05:18:09.593414400
258.0,b,campaign_8,2022-12-19 02:41:27.018892800
258.0,b,campaign_7,2023-03-05 23:17:47.436729599
149.0,b,campaign_4,2023-01-13 15:01:41.935401600
149.0,,,2023-02-14 15:13:56.348620800
149.0,,,2023-01-09 19:18:42.044592000
149.0,,,2022-12-11 07:28:12.954883200
1003.0,,,2023-01-24 00:38:08.998387200
1003.0,b,campaign_7,2022-10-22 18:23:08.443152000
1003.0,,,2023-02-03 17:23:26.069846400
1003.0,,,2022-11-17 06:33:03.134265600
1003.0,b,campaign_8,2023-01-06 17:36:12.907744001
654.0,,,2023-04-11 03:18:17.751376000
1220.0,,,2023-02-26 08:40:02.129865600
1220.0,b,campaign_5,2023-01-15 05:53:38.866214400
1220.0,b,campaign_4,2023-01-31 12:02:51.799776000
1220.0,,,2023-02-05 20:09:39.953174400
441.0,,,2023-02-25 06:05:59.250339199
441.0,b,campaign_4,2023-03-02 10:02:43.048342399
441.0,b,campaign_8,2023-03-19 02:26:33.815244800
93.0,b,campaign_5,2022-12-19 13:47:24.524448000
822.0,,,2023-02-16 07:41:04.162675200
822.0,a,campaign_3,2023-01-02 14:50:19.968243201
1375.0,,,2022-12-15 04:59:35.087820800
986.0,,,2023-03-17 08:30:24.004147200
986.0,,,2023-04-22 18:29:27.609372800
986.0,a,campaign_2,2023-01-24 07:52:13.304473600
986.0,,,2022-11-14 12:29:03.943478400
986.0,b,campaign_7,2023-03-01 03:53:29.936499200
107.0,,,2023-03-23 10:40:11.935376000
107.0,a,campaign_3,2023-04-25 02:00:37.478163200
853.0,,,2023-04-27 21:23:33.490848000
853.0,b,campaign_5,2023-02-09 08:19:10.152089600
797.0,b,campaign_6,2023-02-23 17:08:40.492323200
797.0,,,2023-01-16 11:57:36.006022400
797.0,b,campaign_5,2023-02-06 20:20:41.033443200
797.0,a,campaign_2,2023-02-22 00:10:19.672614400
424.0,,,2023-02-21 03:35:13.883219200
424.0,b,campaign_5,2023-01-11 16:25:04.986592000
424.0,a,campaign_2,2023-01-24 16:16:34.849024000
424.0,b,campaign_5,2023-03-27 00:15:07.328732800
424.0,,,2023-02-28 12:56:08.115990400
470.0,,,2023-02-09 00:37:40.846960000
470.0,b,campaign_6,2023-02-22 23:58:35.682902400
470.0,a,campaign_3,2023-01-27 14:37:29.769587200
1076.0,a,campaign_2,2023-01-07 04:09:43.618224000
1474.0,,,2023-02-14 01:59:24.247721600
1474.0,,,2023-02-21 19:20:32.627123200
1474.0,,,2022-12-08 22:54:23.101126400
1474.0,b,campaign_7,2023-02-26 13:50:02.066256000
1474.0,a,campaign_3,2023-01-08 02:53:11.560108800
1077.0,a,campaign_3,2022-11-27 19:03:07.251881600
7.0,,,2022-12-23 08:13:26.529830400
7.0,b,campaign_9,2023-01-04 11:38:32.537126400
908.0,b,campaign_8,2023-04-22 18:06:23.224128000
908.0,,,2023-02-10 11:03:40.978134400
908.0,a,campaign_1,2023-02-22 10:27:33.113126400
908.0,,,2023-04-18 01:50:06.751100800
1229.0,b,campaign_10,2023-02-10 02:46:09.953385600
1229.0,b,campaign_5,2022-12-14 18:27:48.306569600
1229.0,a,campaign_3,2023-02-24 08:49:33.596025600
274.0,,,2023-03-17 01:22:28.974204800
274.0,b,campaign_4,2023-02-27 18:06:30.409961600
856.0,,,2023-01-09 06:30:09.278505600
856.0,,,2023-01-14 13:21:53.701401600
856.0,,,2022-12-09 17:25:53.146790400
856.0,b,campaign_10,2023-02-07 19:57:11.270793600
856.0,,,2023-03-05 19:55:43.373999999
418.0,,,2023-03-24 19:50:46.597475200
418.0,b,campaign_7,2023-02-12 00:12:12.031001600
565.0,,,2023-01-20 10:08:44.843139200
565.0,a,campaign_1,2022-12-12 01:02:03.848844800
565.0,b,campaign_8,2023-02-23 10:48:40.851715200
565.0,a,campaign_3,2023-02-12 06:05:49.034518400
1242.0,b,campaign_7,2023-01-05 02:35:39.297843200
668.0,,,2022-12-15 14:58:48.539948800
668.0,b,campaign_7,2022-12-22 16:40:45.141721600
668.0,a,campaign_2,2023-03-18 07:55:21.146544000
668.0,b,campaign_7,2023-01-16 06:41:54.892486400
1305.0,b,campaign_4,2022-12-19 09:42:04.060489600
1305.0,b,campaign_10,2022-12-16 05:42:41.211206400
1305.0,,,2023-02-06 11:49:21.730752000
713.0,,,2023-01-07 21:34:26.769536000
330.0,b,campaign_6,2023-03-19 06:53:49.322854400
330.0,b,campaign_7,2023-04-14 04:16:11.972406400
330.0,b,campaign_9,2023-02-11 00:05:38.740150400
814.0,b,campaign_7,2023-03-01 22:40:20.112051200
814.0,b,campaign_5,2023-02-16 20:42:42.894300800
814.0,a,campaign_3,2023-02-11 19:14:38.662352000
997.0,,,2023-01-24 19:58:29.197356800
379.0,,,2023-01-26 15:27:12.683004800
379.0,,,2023-02-18 18:31:13.200998400
379.0,,,2022-12-02 22:32:07.606307200
379.0,b,campaign_7,2023-01-02 12:29:22.407161600
379.0,,,2023-03-07 08:31:57.577366400
442.0,,,2022-12-24 03:35:50.171984000
156.0,b,campaign_8,2022-12-27 13:59:11.051660800
156.0,,,2022-12-01 10:04:14.330956800
156.0,b,campaign_10,2023-01-13 13:28:15.793564800
156.0,,,2023-04-16 01:11:29.333510400
390.0,,,2023-01-12 15:52:43.623852800
390.0,b,campaign_5,2023-02-05 08:53:14.350256000
390.0,a,campaign_2,2022-12-28 08:32:01.749190400
427.0,b,campaign_10,2023-03-04 22:08:17.097801600
427.0,,,2023-02-25 13:00:08.391580800
427.0,,,2023-02-26 19:29:00.637104000
1465.0,,,2023-02-04 13:01:20.742112000
1465.0,b,campaign_9,2023-01-07 21:45:59.350566401
1465.0,,,2023-05-19 04:21:33.610873600
1465.0,a,campaign_1,2022-12-11 07:38:40.780134400
426.0,b,campaign_7,2023-02-24 08:22:26.335734400
426.0,b,campaign_8,2022-12-24 01:14:06.717580800
426.0,b,campaign_10,2023-03-01 21:37:28.686656000
704.0,,,2023-02-14 13:51:33.408460800
704.0,,,2022-12-30 04:35:58.655843200
704.0,b,campaign_9,2023-01-20 21:49:19.996547200
704.0,,,2023-01-18 00:55:17.487264000
175.0,,,2023-03-19 15:54:38.304105600
175.0,,,2023-03-27 05:00:01.266297600
175.0,b,campaign_8,2023-02-18 04:36:33.159174400
175.0,a,campaign_2,2023-02-03 08:59:56.615747200
175.0,,,2023-01-26 13:50:32.082624000
478.0,b,campaign_6,2023-03-09 04:28:44.719625600
478.0,,,2022-12-28 12:42:48.512537600
478.0,,,2023-03-19 07:37:48.996441600
478.0,b,campaign_5,2022-12-30 21:39:56.266361600
478.0,b,campaign_9,2022-12-16 18:18:58.277696000
392.0,b,campaign_5,2023-04-10 11:21:45.325587200
392.0,,,2023-02-14 21:36:17.274620800
392.0,,,2023-03-13 07:07:55.414796800
508.0,a,campaign_2,2023-02-14 18:46:11.482137600
1251.0,a,campaign_2,2022-11-29 12:09:39.722172800
1251.0,b,campaign_10,2023-02-03 00:14:47.516988800
1251.0,b,campaign_6,2023-03-07 03:37:22.827824000
245.0,b,campaign_7,2023-01-07 03:40:16.015632000
245.0,,,2023-01-18 12:05:22.768483200
554.0,b,campaign_4,2023-02-26 16:25:47.416067200
662.0,,,2023-02-09 05:04:10.120899200
369.0,,,2023-02-24 01:40:23.212531200
369.0,a,campaign_3,2023-04-04 18:50:59.589628800
369.0,a,campaign_2,2023-03-13 05:10:01.709968000
369.0,,,2023-01-16 08:08:56.599526400
1159.0,,,2022-12-18 16:41:32.523008000
1159.0,,,2023-02-19 18:17:40.388745600
1159.0,,,2023-01-27 13:04:18.629408000
951.0,a,campaign_1,2023-02-12 11:40:51.644233600
951.0,,,2022-11-09 21:06:15.655734400
709.0,,,2023-02-23 00:02:57.188380800
1200.0,,,2023-02-21 18:20:27.809100800
1200.0,,,2023-01-01 03:18:30.826985600
1200.0,b,campaign_4,2023-03-16 10:27:41.538108799
1200.0,,,2023-01-16 03:36:43.042499200
1200.0,b,campaign_10,2023-03-28 00:54:47.444665600
143.0,b,campaign_10,2023-04-13 04:46:06.734691200
1236.0,b,campaign_5,2023-01-11 15:42:56.280236800
1236.0,,,2023-01-12 18:25:49.787065600
1236.0,b,campaign_6,2023-03-09 01:06:55.478819200
1428.0,,,2023-01-11 05:30:54.678041600
1233.0,b,campaign_5,2023-03-08 11:24:21.888934400
1233.0,a,campaign_2,2023-04-11 19:03:51.862428800
1148.0,b,campaign_9,2023-01-08 17:55:40.941187201
1148.0,,,2023-01-09 06:14:12.867468800
1148.0,a,campaign_3,2022-12-08 02:11:02.712432000
623.0,,,2022-12-16 11:45:51.770390400
623.0,,,2023-01-24 13:58:22.132304000
623.0,b,campaign_9,2023-02-06 22:10:46.385875200
623.0,,,2023-01-09 14:46:22.510534400
436.0,,,2023-02-08 16:13:46.385584000
436.0,,,2023-02-06 04:24:54.235248000
436.0,a,campaign_3,2023-01-04 07:25:14.981315200
952.0,b,campaign_7,2023-02-09 01:52:23.332512000
952.0,,,2023-02-16 16:05:44.727782400
952.0,b,campaign_10,2023-02-05 18:26:18.983289600
952.0,b,campaign_6,2023-01-13 23:46:43.335062400
1139.0,,,2023-02-02 13:52:47.745788800
1139.0,b,campaign_8,2023-03-01 12:28:57.884620800
1139.0,,,2023-02-20 12:13:02.419398400
1139.0,b,campaign_10,2023-01-16 01:13:57.991552000
1139.0,,,2023-02-14 15:23:28.888726400
499.0,b,campaign_4,2023-04-15 00:27:51.083280000
499.0,a,campaign_3,2023-01-16 00:31:59.895680000
499.0,,,2023-02-19 03:10:23.459878400
1132.0,,,2023-01-07 23:33:37.100876800
1132.0,,,2023-02-06 23:04:13.234336000
1132.0,,,2022-12-26 15:04:41.001164800
1132.0,b,campaign_6,2022-12-29 04:53:24.926924800
1132.0,b,campaign_9,2023-02-10 03:19:00.574892800
536.0,b,campaign_7,2023-02-14 18:39:25.792041600
536.0,,,2023-01-31 06:33:50.236214400
536.0,,,2023-02-03 15:57:50.797750400
536.0,,,2023-01-16 08:01:01.171001600
536.0,,,2023-01-03 13:22:54.849900800
465.0,,,2022-12-01 06:57:02.005049600
1425.0,b,campaign_5,2022-12-19 01:02:53.756006400
1425.0,b,campaign_4,2022-12-15 23:58:53.451830400
1425.0,b,campaign_4,2023-01-11 15:59:28.798790401
1425.0,b,campaign_10,2023-02-13 18:48:26.929344000
1425.0,,,2023-01-23 08:19:38.207875200
1165.0,,,2022-12-24 16:29:32.348729600
1165.0,,,2023-01-28 13:10:39.492179200
176.0,,,2023-02-24 19:08:46.778192000
176.0,,,2023-02-28 07:31:42.587788799
176.0,a,campaign_1,2023-01-30 17:21:54.408396800
176.0,b,campaign_9,2023-01-20 03:54:42.629283200
17.0,b,campaign_6,2023-02-22 05:00:49.151046400
812.0,a,campaign_3,2023-03-31 12:33:36.397222400
195.0,,,2023-01-05 07:26:59.984780800
195.0,b,campaign_7,2023-01-10 02:03:46.238364800
195.0,b,campaign_6,2023-02-01 05:25:51.567846400
568.0,,,2023-03-31 21:24:20.653609600
1086.0,b,campaign_6,2023-03-12 21:40:37.083004800
1086.0,,,2023-03-28 00:36:16.524192000
1086.0,b,campaign_10,2023-01-03 13:27:16.538476800
1086.0,,,2022-11-27 09:33:22.787443200
667.0,,,2023-01-18 02:39:56.184464000
949.0,b,campaign_5,2023-01-01 18:13:27.972835200
949.0,a,campaign_1,2023-02-27 20:39:12.773443200
949.0,,,2023-02-27 22:39:16.197756800
703.0,b,campaign_6,2023-01-09 15:52:58.616451200
703.0,a,campaign_2,2023-01-27 02:03:12.796940800
703.0,,,2023-01-26 11:38:14.321939200
703.0,b,campaign_7,2023-01-02 17:53:13.912345600
732.0,,,2022-12-13 23:08:42.923062400
148.0,,,2022-12-17 05:19:53.919030400
187.0,a,campaign_3,2023-03-11 07:42:33.716640000
187.0,,,2023-03-21 21:17:47.284963200
187.0,b,campaign_7,2022-12-28 06:52:55.683513600
858.0,,,2023-01-01 14:29:59.086508800
858.0,a,campaign_1,2023-02-01 12:49:17.371849600
858.0,,,2023-02-10 14:18:47.121152000
1161.0,a,campaign_2,2023-03-03 00:02:47.317001600
1161.0,,,2023-01-23 17:12:23.489740800
1161.0,,,2023-01-07 03:45:20.075184000
1245.0,b,campaign_7,2023-02-14 20:07:55.136579200
1245.0,,,2023-03-19 16:33:22.086841600
1081.0,,,2023-01-09 12:00:37.560550400
1081.0,b,campaign_4,2023-03-22 19:57:31.494390400
1203.0,b,campaign_5,2023-01-02 09:50:39.327200000
1203.0,b,campaign_6,2023-01-27 12:43:43.028585600
1203.0,b,campaign_5,2023-01-27 15:45:16.481020800
1203.0,,,2022-12-21 09:36:15.206217600
450.0,,,2023-01-26 17:18:11.059267200
450.0,b,campaign_10,2023-03-30 06:35:22.404092800
450.0,a,campaign_2,2023-02-07 11:10:03.110608000
450.0,,,2022-11-21 15:12:10.994294400
450.0,,,2023-03-03 15:21:08.224483200
1135.0,,,2023-01-30 07:39:17.125200000
1135.0,,,2023-02-15 07:46:07.843424000
1135.0,b,campaign_6,2023-02-21 11:48:40.391020800
1135.0,,,2023-04-05 17:32:46.060265600
1135.0,b,campaign_9,2023-02-25 05:37:52.529520000
356.0,,,2023-03-16 09:02:25.617462400
356.0,,,2022-10-30 03:08:32.330777600
356.0,b,campaign_4,2023-01-11 01:46:16.637545600
1243.0,,,2023-01-29 02:21:15.978300800
1243.0,,,2022-12-25 20:06:36.094179200
1243.0,,,2023-01-23 02:45:58.028950400
1243.0,b,campaign_10,2022-11-25 03:48:58.919388800
1243.0,a,campaign_3,2023-03-07 23:01:15.339536000
91.0,b,campaign_6,2023-02-06 09:30:57.346563200
1197.0,,,2023-02-28 19:48:37.236560000
1197.0,,,2023-02-21 17:50:16.166748801
1197.0,,,2023-03-20 14:50:58.188339200
1197.0,b,campaign_9,2022-12-11 22:39:07.540457600
1197.0,,,2023-03-06 12:28:09.803539199
720.0,,,2023-02-15 07:16:57.341123200
720.0,b,campaign_4,2022-09-30 15:58:52.503961600
201.0,b,campaign_7,2023-02-05 09:09:38.380931201
201.0,,,2023-02-04 16:13:23.460304000
201.0,b,campaign_10,2023-02-25 22:36:32.916160000
201.0,a,campaign_3,2023-01-10 22:18:57.337638400
201.0,b,campaign_10,2023-02-14 04:44:13.882796800
127.0,a,campaign_1,2023-02-08 21:22:47.663075200
990.0,b,campaign_7,2023-02-26 19:28:00.639475200
990.0,b,campaign_4,2023-02-13 19:51:13.213971200
990.0,,,2023-01-20 11:01:17.379072000
990.0,b,campaign_4,2023-02-01 01:06:58.594726400
990.0,,,2022-12-14 07:14:12.141545600
151.0,b,campaign_8,2023-01-30 23:09:09.378860800
151.0,,,2023-01-24 07:29:16.704454400
151.0,,,2023-01-10 06:14:14.141670399
151.0,,,2023-04-07 09:23:17.664889599
151.0,,,2022-12-01 20:13:26.281587200
437.0,,,2023-02-25 06:45:34.499974400
437.0,a,campaign_2,2023-02-16 12:33:39.048444800
705.0,b,campaign_6,2023-04-04 22:04:12.928761600
705.0,,,2022-12-08 17:09:28.579888000
705.0,b,campaign_7,2023-01-10 19:04:39.364102400
705.0,,,2023-01-27 22:04:04.738819200
1367.0,,,2023-02-02 16:04:48.957660800
1367.0,b,campaign_8,2023-01-08 22:23:41.181024000
1367.0,a,campaign_3,2023-01-26 20:08:40.402646400
1367.0,a,campaign_3,2023-03-14 20:16:14.374147200
1223.0,,,2022-11-22 08:34:36.272912000
386.0,b,campaign_5,2023-01-14 00:11:43.854153600
386.0,,,2022-12-31 20:11:33.943353600
386.0,,,2023-02-07 22:25:36.697910400
386.0,,,2023-01-22 13:22:44.358188800
386.0,,,2023-01-15 13:47:14.053008000
670.0,a,campaign_3,2022-12-29 22:12:49.692204800
670.0,a,campaign_1,2023-01-23 20:21:58.468144000
670.0,b,campaign_10,2022-11-23 18:31:46.022992000
670.0,,,2023-01-28 20:07:08.187510400
670.0,,,2023-02-07 23:21:05.344067200
1468.0,b,campaign_9,2022-12-14 01:24:15.566188800
1468.0,,,2023-03-09 15:14:31.711734400
1468.0,,,2023-01-24 15:09:40.022947201
1468.0,b,campaign_5,2023-02-06 19:18:22.714464000
1287.0,,,2023-03-24 21:39:26.831084800
1287.0,b,campaign_7,2023-02-03 12:32:24.919219200
883.0,,,2023-01-18 01:09:07.979203200
883.0,,,2023-02-16 00:38:02.951308800
883.0,b,campaign_9,2023-03-13 11:45:27.408604800
883.0,,,2022-11-01 10:54:47.513254400
122.0,b,campaign_5,2023-01-12 09:43:06.463449600
122.0,,,2023-04-02 14:51:09.009958400
122.0,b,campaign_7,2023-03-24 10:42:29.365424000
122.0,b,campaign_4,2023-01-06 01:39:46.449238400
393.0,,,2022-10-25 09:00:47.732508800
393.0,,,2022-12-22 04:18:53.389667200
393.0,,,2022-11-01 13:44:01.473328000
617.0,b,campaign_9,2023-02-24 22:29:19.197395200
617.0,b,campaign_8,2023-02-15 17:33:48.852003200
603.0,b,campaign_4,2023-01-16 08:37:54.605641599
603.0,,,2023-01-17 09:19:52.518934399
1044.0,a,campaign_2,2023-02-16 01:10:06.509388800
1044.0,b,campaign_6,2023-01-17 19:48:18.508950400
1044.0,a,campaign_2,2023-01-06 18:38:29.953011200
1044.0,,,2022-11-28 02:28:00.237785600
821.0,b,campaign_9,2023-02-09 08:22:48.151849600
821.0,,,2022-12-11 21:17:06.094019200
821.0,,,2023-01-25 12:34:58.933744001
821.0,b,campaign_5,2023-02-13 09:39:51.136864000
821.0,b,campaign_6,2023-03-14 15:13:51.837481600
1399.0,,,2023-01-01 10:28:54.222905600
1399.0,b,campaign_7,2023-04-23 15:30:21.169356800
1033.0,,,2023-01-18 14:08:46.058473600
1267.0,b,campaign_10,2022-12-17 01:51:42.740659200
1267.0,,,2022-12-21 06:34:41.213385600
1267.0,b,campaign_8,2023-03-06 12:36:52.268547200
1267.0,b,campaign_6,2022-12-30 16:42:20.926051200
1267.0,a,campaign_3,2023-02-25 19:51:42.602000000
484.0,a,campaign_3,2023-01-14 14:47:18.226742400
484.0,,,2022-12-13 22:44:50.113488001
484.0,a,campaign_3,2023-01-13 12:23:37.246540800
484.0,,,2023-02-21 12:22:46.346956800
1241.0,,,2022-12-29 06:00:57.213782400
1241.0,b,campaign_8,2023-01-30 12:11:06.750537600
736.0,,,2023-01-02 17:05:14.070140801
736.0,,,2023-01-14 03:44:57.187801600
736.0,,,2022-12-29 10:30:34.777180800
736.0,b,campaign_4,2023-01-15 02:46:29.814940800
906.0,,,2023-01-06 03:01:30.521740800
906.0,,,2023-04-02 19:52:29.050185600
906.0,,,2022-12-30 15:24:53.588102400
906.0,b,campaign_4,2023-02-02 22:36:50.925116800
1404.0,,,2023-03-14 05:56:55.146547200
1206.0,,,2022-12-31 15:56:41.496156800
525.0,,,2023-04-04 12:17:00.135833600
525.0,,,2023-02-22 10:30:42.945091200
739.0,a,campaign_2,2023-02-21 00:27:33.053036800
739.0,,,2022-12-29 20:01:52.094492800
739.0,b,campaign_6,2022-12-20 14:19:53.119283200
739.0,,,2022-12-18 08:33:13.703411201
739.0,,,2023-02-04 18:11:47.656547199
280.0,,,2023-02-15 10:29:00.211046400
280.0,b,campaign_4,2022-11-04 18:23:57.730118400
280.0,a,campaign_3,2023-01-11 08:14:01.440352000
280.0,b,campaign_4,2023-01-05 22:07:52.459267200
280.0,,,2023-01-26 08:36:44.714467200
1048.0,b,campaign_7,2023-02-13 15:42:01.388678400
1048.0,,,2023-02-16 11:42:43.136953600
225.0,,,2023-02-19 21:16:37.961846401
225.0,,,2023-03-05 14:54:55.872329600
225.0,,,2023-02-07 18:54:02.741859200
225.0,b,campaign_7,2023-02-13 19:32:30.471849600
1150.0,,,2022-12-19 11:06:26.520636800
1150.0,,,2022-12-05 00:33:02.876566400
833.0,,,2023-03-02 11:05:23.076665600
833.0,b,campaign_4,2023-03-11 16:55:20.402883200
833.0,b,campaign_9,2023-01-31 13:17:01.819507200
833.0,b,campaign_7,2023-01-31 03:38:09.152217600
524.0,,,2022-12-05 11:56:32.724534400
524.0,b,campaign_6,2022-11-04 00:19:05.550851200
524.0,b,campaign_4,2023-02-22 20:27:59.779993600
1092.0,b,campaign_4,2023-03-19 08:02:01.017535999
1092.0,b,campaign_7,2023-01-13 01:05:50.108576000
1092.0,,,2022-11-18 10:22:44.734332800
217.0,b,campaign_8,2023-02-08 03:04:23.557440000
217.0,,,2023-04-22 18:16:27.194716800
217.0,,,2023-03-07 22:43:29.221516800
217.0,,,2023-02-02 01:51:24.764348800
217.0,b,campaign_8,2023-01-13 19:50:34.409219200
288.0,b,campaign_5,2023-02-22 05:23:11.681334400
288.0,,,2023-01-26 08:06:02.095475200
288.0,,,2023-02-27 11:06:23.680182400
288.0,,,2022-11-19 08:16:04.358707200
754.0,,,2023-01-21 20:24:13.843920000
754.0,,,2023-01-15 10:58:35.079100800
632.0,b,campaign_4,2023-04-07 17:15:28.969497600
632.0,,,2023-03-21 15:39:39.689462400
632.0,a,campaign_2,2023-04-12 23:20:42.804796799
632.0,b,campaign_8,2023-02-12 12:06:33.997424000
632.0,b,campaign_8,2023-03-13 03:36:30.713407999
914.0,b,campaign_5,2023-01-14 03:13:48.301225600
914.0,b,campaign_10,2023-01-07 07:33:19.615513600
914.0,b,campaign_7,2023-02-07 05:45:23.292956800
914.0,,,2023-03-19 21:22:02.647545600
574.0,b,campaign_8,2022-11-09 22:10:21.288300800
574.0,b,campaign_6,2023-03-12 10:12:13.508681600
574.0,,,2023-02-08 19:28:16.241072000
574.0,,,2023-03-11 23:33:34.821747200
1060.0,a,campaign_1,2023-01-31 19:24:04.034774400
1060.0,,,2023-01-08 19:02:01.620156800
1060.0,a,campaign_1,2023-01-12 06:34:03.163731200
1060.0,,,2022-11-17 21:15:06.482457600
1060.0,b,campaign_4,2023-03-07 13:37:17.723404800
1271.0,,,2023-01-26 17:10:16.450099199
1271.0,b,campaign_6,2023-02-25 09:08:05.679510400
1271.0,b,campaign_7,2023-01-03 04:22:26.180582400
1271.0,,,2023-01-05 11:46:43.822483200
1271.0,a,campaign_3,2023-02-02 17:44:19.515561599
1344.0,,,2023-01-18 05:48:28.352560000
1344.0,,,2023-03-03 04:51:26.821580799
1344.0,a,campaign_1,2023-01-16 03:01:51.729273600
25.0,b,campaign_4,2023-03-31 17:19:45.531193600
770.0,,,2023-01-13 06:26:53.453609600
770.0,a,campaign_1,2023-01-21 18:51:20.610540800
770.0,b,campaign_8,2023-03-12 03:47:16.779657600
770.0,,,2022-12-19 22:20:49.288608000
1319.0,,,2023-03-28 23:57:49.177276800
1319.0,,,2023-02-09 07:32:58.866944000
798.0,b,campaign_6,2023-02-10 07:57:52.412230400
798.0,,,2022-12-29 12:07:20.982019200
798.0,a,campaign_2,2023-01-16 11:14:50.830329600
996.0,b,campaign_10,2023-02-11 03:24:26.851091200
996.0,a,campaign_1,2023-01-15 10:11:34.879222400
996.0,a,campaign_1,2023-01-11 19:56:22.920332800
996.0,a,campaign_2,2023-01-29 00:56:15.364105601
996.0,,,2023-02-14 14:34:07.229279999
134.0,b,campaign_4,2023-02-08 12:38:52.979232000
134.0,b,campaign_7,2023-03-11 12:42:02.483462400
134.0,a,campaign_3,2023-02-11 18:38:18.606720000
693.0,,,2023-04-16 16:06:36.481363200
693.0,,,2023-02-11 23:33:48.186691201
693.0,,,2022-12-23 01:47:29.847756800
693.0,,,2023-01-28 08:49:42.760361600
243.0,a,campaign_1,2023-02-13 05:49:46.883382400
243.0,a,campaign_3,2023-01-16 20:59:01.308112000
243.0,b,campaign_4,2023-02-26 10:41:02.288118400
547.0,b,campaign_4,2022-11-08 11:42:00.186371200
40.0,,,2022-12-28 14:43:55.170332800
40.0,b,campaign_6,2022-12-11 07:18:51.179152000
40.0,b,campaign_10,2022-11-29 14:03:46.126393601
40.0,b,campaign_8,2022-12-05 09:27:16.965155200
40.0,b,campaign_6,2022-11-27 03:54:57.218915200
41.0,b,campaign_5,2023-01-27 11:28:03.741334400
41.0,,,2023-03-21 16:50:37.884105600
41.0,b,campaign_6,2023-04-05 09:19:05.583129599
41.0,,,2023-02-01 15:46:53.897347200
41.0,b,campaign_10,2023-02-26 02:27:23.452300800
752.0,b,campaign_7,2022-12-14 10:14:20.926393600
752.0,,,2023-02-03 22:56:50.881648000
20.0,,,2023-03-07 15:17:14.701494400
20.0,,,2023-01-23 22:06:06.751494401
1335.0,,,2023-02-11 04:20:52.814207999
1064.0,a,campaign_2,2022-12-15 20:30:13.596992000
1064.0,,,2022-11-29 10:48:59.572390400
1064.0,b,campaign_9,2023-01-24 20:43:36.391059200
1064.0,,,2023-02-13 14:26:48.144876799
354.0,a,campaign_3,2023-04-15 08:34:53.988249600
354.0,a,campaign_3,2022-11-22 16:48:53.252121600
367.0,,,2023-03-01 09:53:06.063116800
367.0,,,2023-03-31 11:52:44.834934400
367.0,,,2023-01-25 11:29:18.519504000
367.0,,,2023-03-12 10:29:40.090096000
367.0,,,2023-02-22 03:38:18.953776000
803.0,,,2022-11-26 15:56:12.796800000
803.0,a,campaign_1,2023-01-06 23:41:00.013084800
726.0,a,campaign_2,2023-02-15 19:49:46.559100800
855.0,b,campaign_9,2023-03-15 13:38:21.065552000
855.0,,,2023-02-02 00:34:41.297420799
855.0,b,campaign_6,2023-01-09 08:22:21.746764800
855.0,,,2023-03-01 13:13:23.141164800
855.0,a,campaign_1,2023-01-02 08:56:09.809276800
528.0,b,campaign_10,2023-02-17 09:29:04.020249599
528.0,,,2023-02-03 16:06:44.090889600
528.0,,,2023-01-01 03:05:41.914483200
528.0,b,campaign_8,2023-02-08 21:44:01.029625600
528.0,,,2022-12-22 10:47:38.747635200
322.0,,,2022-12-10 00:35:01.108851200
322.0,a,campaign_3,2023-01-13 03:43:30.983388800
322.0,a,campaign_3,2023-01-14 19:08:17.904908800
322.0,a,campaign_3,2023-01-22 19:47:23.128684800
322.0,b,campaign_9,2023-02-19 01:05:27.471232000
1387.0,b,campaign_6,2023-02-18 04:14:14.944447999
1387.0,b,campaign_8,2023-03-24 05:00:57.325590400
1387.0,,,2023-03-29 07:18:14.484732800
1387.0,b,campaign_10,2023-01-01 06:04:41.460352000
1473.0,b,campaign_6,2022-11-30 06:51:15.639081600
947.0,,,2022-12-24 17:12:51.514169600
947.0,,,2023-04-01 09:39:27.366022400
947.0,a,campaign_3,2023-01-05 11:18:35.797433600
1494.0,b,campaign_5,2023-02-11 09:16:39.744742400
1494.0,,,2023-04-11 04:13:27.064892800
656.0,,,2023-02-02 01:39:20.531984000
533.0,a,campaign_2,2023-03-26 06:38:51.354489600
533.0,,,2023-01-11 19:17:12.701244800
533.0,,,2023-03-29 22:12:34.238192000
533.0,b,campaign_8,2022-12-10 16:11:38.445910400
602.0,,,2023-03-01 17:35:51.504412800
602.0,,,2023-03-06 11:30:26.913667200
602.0,b,campaign_5,2023-02-04 08:41:13.029398400
602.0,a,campaign_1,2023-02-11 05:34:02.180758400
602.0,b,campaign_7,2023-03-23 21:09:51.649094400
1277.0,,,2023-01-11 21:50:32.715632000
1277.0,b,campaign_10,2022-12-11 10:25:53.815779200
1277.0,a,campaign_2,2023-01-29 10:46:55.305321600
1277.0,a,campaign_3,2022-12-05 20:19:28.239651200
1277.0,a,campaign_1,2023-02-06 04:50:25.261414400
897.0,,,2023-01-09 06:37:30.379478400
897.0,b,campaign_7,2023-01-27 15:52:15.283088000
897.0,a,campaign_3,2023-01-21 19:23:18.836745600
1302.0,b,campaign_4,2023-02-19 23:36:57.504880000
1302.0,,,2023-01-09 13:14:51.104473600
1302.0,,,2023-02-03 20:55:37.511420800
1302.0,a,campaign_3,2023-02-05 11:07:42.039910400
1302.0,,,2022-12-07 23:52:29.483344000
936.0,b,campaign_8,2023-02-21 22:26:20.709081600
936.0,,,2023-03-16 11:54:23.130572800
936.0,,,2023-01-23 17:07:26.752019201
936.0,b,campaign_10,2023-01-11 19:57:51.982374400
373.0,,,2022-12-29 20:20:47.404454400
373.0,,,2023-02-01 04:18:04.489622400
373.0,b,campaign_9,2023-03-08 13:16:06.167257600
373.0,,,2022-12-31 01:25:19.530211200
1434.0,,,2023-01-31 03:38:24.211004800
1434.0,,,2022-12-11 02:20:59.906617600
1434.0,b,campaign_7,2022-12-09 21:27:50.251036800
1434.0,b,campaign_6,2023-02-09 12:36:15.912566400
1434.0,,,2023-03-04 05:56:41.136784000
1030.0,b,campaign_8,2023-01-16 19:41:41.051580800
1030.0,,,2023-01-02 21:05:18.867913601
1030.0,,,2023-01-08 22:02:56.869721601
1030.0,b,campaign_6,2023-01-25 13:38:56.658604800
1247.0,,,2022-12-31 08:21:32.594806400
1247.0,,,2023-02-27 21:40:37.798569600
1247.0,b,campaign_4,2023-01-17 13:46:04.883177599
1247.0,,,2022-12-16 06:43:49.430412800
1247.0,b,campaign_7,2023-03-02 05:45:56.631561600
164.0,b,campaign_9,2023-01-25 10:56:27.010569600
164.0,,,2023-02-26 23:05:33.181084800
1363.0,b,campaign_6,2023-02-20 09:23:09.563750399
1363.0,b,campaign_8,2022-12-27 12:31:37.060316800
1363.0,b,campaign_6,2023-01-14 05:26:22.379836800
1363.0,b,campaign_7,2023-02-20 08:07:31.740611200
1363.0,b,campaign_9,2022-11-27 22:19:10.487721600
68.0,b,campaign_10,2022-12-12 18:30:40.813417600
68.0,,,2023-01-13 03:22:26.954819200
68.0,,,2023-02-03 21:32:36.063241600
119.0,b,campaign_4,2023-01-06 00:17:20.743596800
119.0,b,campaign_8,2023-02-16 23:32:42.760979200
119.0,b,campaign_6,2023-01-10 05:07:00.432419201
119.0,b,campaign_10,2023-01-30 06:53:20.695904000
1023.0,,,2022-12-18 12:34:38.557904000
226.0,b,campaign_10,2022-12-08 19:23:49.636172800
226.0,,,2023-04-24 21:53:38.484220800
226.0,a,campaign_3,2023-04-22 21:42:40.070198400
226.0,,,2023-02-04 20:22:55.970928000
1365.0,,,2023-03-27 17:18:58.090531200
1365.0,a,campaign_2,2023-02-09 14:43:00.594390400
1365.0,,,2022-10-07 14:14:09.752329601
1365.0,b,campaign_10,2023-04-07 18:13:20.279174400
1406.0,,,2023-03-05 13:57:28.101484800
552.0,b,campaign_6,2023-02-05 07:30:27.982448000
1294.0,b,campaign_4,2023-01-26 08:29:39.850291200
1486.0,b,campaign_4,2023-01-20 18:54:42.606243200
1486.0,a,campaign_2,2022-11-15 14:28:22.264838400
1486.0,,,2023-04-27 19:55:14.478800000
751.0,,,2023-01-07 20:44:52.362105600
1444.0,a,campaign_1,2023-01-22 08:41:29.311913600
1444.0,,,2022-11-26 03:05:48.085699200
462.0,,,2023-03-17 03:50:05.917315200
462.0,b,campaign_8,2023-02-03 09:56:23.056211200
462.0,b,campaign_6,2023-03-11 19:48:05.101331200
462.0,,,2022-12-25 19:30:55.029644800
462.0,b,campaign_8,2023-01-06 05:20:29.587760000
1113.0,b,campaign_7,2022-12-30 15:34:29.568656000
1113.0,b,campaign_7,2023-01-27 05:17:10.619600000
1113.0,,,2023-01-25 03:30:08.808185600
1113.0,a,campaign_1,2023-01-18 06:00:36.914832000
1113.0,,,2023-02-23 09:05:06.014198400
669.0,b,campaign_7,2023-01-03 16:04:07.926537600
102.0,,,2023-02-07 07:09:22.764198400
102.0,a,campaign_2,2023-02-19 19:38:15.295360000
102.0,b,campaign_5,2023-02-02 20:48:02.606617600
147.0,b,campaign_6,2023-02-07 02:50:28.112348800
147.0,a,campaign_3,2023-02-06 19:57:08.244592000
147.0,,,2023-03-27 20:06:30.650444800
147.0,a,campaign_2,2023-01-23 12:14:18.754355200
819.0,b,campaign_9,2023-04-14 03:10:17.794406400
819.0,b,campaign_4,2022-11-01 06:30:34.756982400
819.0,b,campaign_5,2023-02-11 23:36:53.469321599
725.0,,,2023-01-17 20:12:23.774643200
6.0,,,2023-03-16 22:33:14.782166400
6.0,,,2022-12-24 21:35:51.627040000
1338.0,a,campaign_3,2022-12-21 10:47:45.441840000
1338.0,b,campaign_10,2022-11-26 20:17:49.687990400
1382.0,a,campaign_3,2023-02-06 09:40:41.705526400
1382.0,,,2023-03-22 22:53:24.506272000
501.0,b,campaign_9,2022-12-04 17:44:53.776838400
501.0,,,2023-01-31 03:01:59.491372800
501.0,,,2023-01-16 09:48:29.387980800
1036.0,,,2023-02-23 14:30:40.709148800
1036.0,,,2023-01-26 17:18:31.130572800
1036.0,b,campaign_10,2023-03-07 20:34:37.383804800
29.0,b,campaign_7,2023-02-01 07:31:45.367001600
973.0,b,campaign_10,2023-02-05 07:53:39.842246400
973.0,,,2022-12-02 18:31:29.527939200
1261.0,b,campaign_6,2023-01-24 01:18:47.173241600
1261.0,,,2023-04-01 04:10:13.899008000
1261.0,b,campaign_7,2023-02-26 14:53:52.543587200
1261.0,,,2023-02-23 22:50:21.815081600
1261.0,,,2023-03-12 07:45:15.633007999
965.0,,,2023-01-25 22:59:24.940758400
965.0,,,2023-01-22 03:07:57.248649600
1199.0,a,campaign_3,2023-02-13 04:52:39.636806400
1199.0,,,2022-12-11 08:52:56.061088000
230.0,b,campaign_10,2023-02-27 10:23:19.368217600
230.0,b,campaign_10,2023-02-07 04:04:52.451075199
230.0,,,2022-11-26 03:56:26.369740800
230.0,,,2023-02-24 07:25:12.276947200
230.0,,,2023-02-08 18:23:59.433164799
613.0,,,2023-02-13 22:13:39.404345600
613.0,a,campaign_2,2023-01-13 20:49:27.514198400
613.0,,,2022-12-06 01:43:38.142278400
613.0,,,2023-01-30 15:32:07.398886400
613.0,,,2023-02-08 04:10:42.622547200
1308.0,a,campaign_2,2023-03-09 04:51:26.781305600
1308.0,,,2023-01-04 01:59:42.192857600
1308.0,b,campaign_10,2023-03-31 08:06:52.907942399
1308.0,,,2023-03-11 12:34:37.759852800
106.0,,,2022-10-26 14:41:53.981824000
106.0,,,2023-03-29 04:23:03.686022400
106.0,a,campaign_2,2023-02-03 12:38:49.151552000
106.0,,,2023-02-22 14:08:27.109840000
106.0,,,2023-03-24 02:27:53.850204800
278.0,,,2022-11-30 15:43:02.417718400
278.0,,,2022-12-21 17:19:37.890217600
893.0,b,campaign_4,2023-01-24 00:25:53.064163200
748.0,,,2022-11-26 21:57:22.771929600
748.0,,,2022-12-29 00:22:40.118505600
748.0,,,2023-01-30 04:05:09.997523201
256.0,b,campaign_4,2022-12-16 08:44:04.571043200
256.0,,,2022-11-12 14:16:02.948480000
256.0,b,campaign_9,2023-03-09 08:34:09.006339200
256.0,,,2022-12-03 13:45:16.692108800
256.0,b,campaign_7,2023-01-04 19:03:40.589369600
404.0,,,2023-01-18 00:05:12.038227200
404.0,b,campaign_8,2022-12-30 14:32:30.729494400
404.0,b,campaign_8,2023-01-08 22:33:07.068960000
404.0,b,campaign_6,2023-03-05 23:24:54.165158400
404.0,a,campaign_1,2022-11-13 00:07:34.383020801
948.0,,,2023-02-24 03:40:01.750057600
948.0,,,2023-02-17 10:06:24.127468800
948.0,,,2023-01-01 18:09:49.043363200
948.0,,,2023-01-20 20:12:12.612361600
948.0,,,2023-02-16 10:00:50.426704000
198.0,,,2022-12-22 00:08:33.750121600
1102.0,b,campaign_10,2023-01-21 10:22:16.079683200
1102.0,,,2023-02-13 15:21:40.988195200
1102.0,,,2023-03-19 02:07:22.149097600
1102.0,,,2022-12-17 10:27:15.256531200
1102.0,a,campaign_2,2023-03-08 23:59:14.774947200
520.0,,,2023-01-27 15:37:46.688620800
520.0,a,campaign_3,2023-02-14 16:50:13.355990400
520.0,b,campaign_4,2023-01-31 01:15:20.250067200
520.0,b,campaign_7,2022-11-26 07:12:04.024176000
520.0,a,campaign_1,2023-01-14 10:07:19.910390400
34.0,b,campaign_4,2023-03-07 20:31:56.222019200
34.0,,,2023-01-27 00:43:37.355312000
34.0,b,campaign_8,2023-01-11 22:42:53.558028800
34.0,,,2023-03-04 17:27:56.432470400
34.0,b,campaign_7,2023-01-11 23:56:13.575948800
687.0,a,campaign_2,2023-03-06 01:30:45.017561600
687.0,a,campaign_1,2023-02-14 00:58:03.790416000
687.0,b,campaign_5,2023-02-16 22:06:56.268320000
687.0,a,campaign_3,2023-02-02 15:21:51.031808000
541.0,,,2023-03-26 17:45:12.460409600
541.0,,,2022-12-28 09:59:27.742246400
420.0,,,2023-01-12 07:22:56.525558400
420.0,a,campaign_2,2022-12-28 21:08:08.669340800
783.0,b,campaign_10,2023-01-17 10:22:00.895600000
783.0,,,2023-01-28 18:02:35.876038400
236.0,,,2023-02-11 03:42:51.733635200
236.0,b,campaign_8,2023-02-14 04:56:52.443939200
1422.0,,,2023-01-19 03:44:20.950393600
1422.0,a,campaign_2,2023-03-04 09:25:45.729174400
1422.0,,,2023-02-23 12:09:30.048137600
597.0,,,2023-02-12 15:21:14.640713600
345.0,,,2023-03-13 19:10:06.189728000
345.0,a,campaign_1,2023-01-11 11:38:36.579772800
694.0,a,campaign_2,2022-12-06 18:42:21.350595200
694.0,,,2023-02-07 01:47:03.542912000
694.0,,,2022-12-10 20:01:54.722624000
694.0,,,2023-03-04 00:39:56.976076800
694.0,a,campaign_1,2023-01-31 22:42:25.208467200
160.0,a,campaign_1,2023-01-02 08:20:14.464656000
309.0,b,campaign_8,2022-12-30 01:41:46.554732800
456.0,b,campaign_8,2023-06-05 10:25:52.283040000
456.0,b,campaign_7,2023-03-20 06:36:41.773843200
333.0,b,campaign_5,2022-12-05 17:53:22.968947201
796.0,a,campaign_2,2022-12-25 02:38:55.449932800
796.0,a,campaign_2,2022-11-21 19:06:28.737462400
796.0,,,2022-12-29 00:44:57.379302400
796.0,a,campaign_2,2023-02-11 11:45:35.743088000
220.0,,,2023-03-24 01:33:56.168816000
744.0,b,campaign_6,2023-01-22 05:58:33.639097600
744.0,b,campaign_5,2022-11-23 10:50:57.200211200
744.0,,,2023-02-27 16:10:06.099097600
744.0,a,campaign_1,2023-01-27 08:46:36.787616000
744.0,,,2023-01-12 08:33:58.585625600
1137.0,b,campaign_7,2023-03-06 07:19:03.156780800
1137.0,a,campaign_2,2022-12-25 09:13:57.121731201
1137.0,,,2023-03-13 06:25:26.655680000
1137.0,,,2022-12-12 15:53:32.582768000
186.0,b,campaign_7,2022-12-20 02:22:00.241222400
719.0,a,campaign_2,2023-02-06 19:27:04.092528000
1176.0,b,campaign_10,2023-02-07 19:34:17.385177600
1176.0,,,2023-03-20 23:48:36.582144000
422.0,,,2023-01-12 15:26:54.539411200
422.0,,,2023-02-09 08:34:52.403760000
422.0,a,campaign_3,2023-03-18 09:48:17.746137600
422.0,,,2023-01-29 13:13:32.144713600
422.0,,,2023-02-03 17:49:32.997337600
1307.0,,,2023-03-21 12:22:36.936300800
1307.0,,,2023-04-03 20:27:29.620624000
792.0,,,2023-01-30 10:26:19.160220800
792.0,,,2022-12-08 15:30:40.054566400
1411.0,b,campaign_10,2023-01-22 23:43:35.409228800
1411.0,a,campaign_3,2023-04-06 11:09:35.574176000
1411.0,b,campaign_7,2022-11-22 19:40:03.872969600
560.0,,,2023-01-17 05:11:46.116998400
560.0,b,campaign_6,2023-03-04 02:44:47.872211200
560.0,b,campaign_4,2023-01-03 07:27:24.273312000
560.0,a,campaign_3,2023-03-09 21:44:10.646918400
917.0,b,campaign_5,2022-10-26 21:41:14.701910400
917.0,a,campaign_3,2022-12-28 10:15:45.426259200
917.0,,,2023-02-08 10:42:21.260351999
113.0,a,campaign_2,2023-01-25 05:43:28.475865600
113.0,b,campaign_9,2023-01-20 03:17:34.757568000
113.0,a,campaign_3,2023-03-29 06:38:13.044873600
956.0,b,campaign_9,2023-01-16 21:44:05.260144000
956.0,b,campaign_4,2023-02-15 10:23:54.121299200
956.0,,,2023-02-12 04:49:59.526272000
417.0,,,2023-03-07 13:23:33.302323200
417.0,,,2022-11-13 21:27:33.679536000
417.0,b,campaign_4,2023-01-31 04:54:51.316720000
98.0,b,campaign_9,2023-01-22 14:09:34.605148800
98.0,a,campaign_1,2023-02-11 05:09:47.738166400
98.0,a,campaign_2,2022-11-28 03:40:49.775430400
257.0,,,2022-12-17 01:19:13.261120000
257.0,,,2023-01-13 13:56:38.218585600
276.0,,,2022-12-29 17:35:04.414272000
157.0,a,campaign_3,2023-03-06 09:23:26.526144000
157.0,a,campaign_3,2023-01-12 21:33:49.936835200
157.0,,,2023-01-10 17:42:49.042688000
157.0,,,2022-12-29 05:53:28.343164800
157.0,,,2023-03-01 19:46:56.847449600
443.0,,,2023-02-08 07:22:23.552355200
443.0,,,2022-11-10 12:28:03.906118400
443.0,a,campaign_3,2023-01-19 19:14:12.225446400
443.0,b,campaign_7,2023-02-22 12:06:29.438854400
443.0,,,2023-01-31 23:11:10.919136000
1328.0,,,2022-12-08 07:44:09.709206400
1328.0,b,campaign_4,2023-01-04 20:39:47.536371200
1328.0,a,campaign_1,2023-01-12 10:45:02.100179200
653.0,,,2023-02-08 13:18:05.198588800
653.0,,,2023-01-01 02:49:40.662812800
653.0,,,2023-04-13 05:20:07.846604799
461.0,,,2023-03-31 01:27:35.811660800
461.0,,,2023-01-20 04:17:52.754230400
644.0,a,campaign_3,2023-01-29 14:15:12.915718400
644.0,b,campaign_4,2023-02-10 19:19:24.542089600
644.0,b,campaign_10,2022-11-29 03:32:22.060534401
644.0,b,campaign_5,2022-12-29 18:14:54.281686400
22.0,b,campaign_10,2022-12-29 00:39:53.671008000
22.0,,,2023-01-14 20:41:41.213750400
22.0,b,campaign_5,2023-01-24 10:28:36.762537599
1343.0,b,campaign_4,2023-02-19 22:23:25.374364800
1343.0,,,2022-12-01 02:00:04.556419200
1343.0,,,2023-02-12 22:05:12.172947200
1343.0,b,campaign_6,2023-03-17 18:33:00.040435199
1343.0,,,2022-11-23 00:21:06.663830400
1194.0,,,2022-12-16 02:50:50.159590400
1194.0,b,campaign_8,2023-02-11 10:51:00.023676799
385.0,,,2023-04-12 09:47:45.486131200
385.0,b,campaign_6,2023-03-30 23:12:10.353318400
23.0,,,2023-02-13 14:10:31.340457599
23.0,,,2023-01-08 12:48:48.428169600
23.0,,,2022-12-28 23:27:55.268678400
23.0,a,campaign_3,2022-12-05 07:03:20.616518400
23.0,,,2022-12-04 07:03:18.142163200
843.0,a,campaign_2,2022-12-25 00:33:44.209616000
300.0,,,2023-03-08 10:32:58.493942400
300.0,a,campaign_1,2023-01-21 16:56:22.473811200
300.0,b,campaign_6,2022-12-18 00:54:37.296080000
300.0,,,2023-03-28 08:23:07.506652800
300.0,,,2023-03-26 20:54:38.396745600
1377.0,a,campaign_3,2022-12-02 14:56:46.771280000
1377.0,,,2022-12-15 00:32:07.077996800
318.0,a,campaign_3,2023-02-12 05:06:32.649334400
1361.0,a,campaign_3,2023-03-28 08:55:33.457340800
1361.0,a,campaign_3,2023-02-23 11:09:02.051843200
1361.0,a,campaign_1,2023-02-18 23:00:36.805379200
1361.0,a,campaign_1,2023-01-07 17:24:35.162944000
1361.0,,,2023-01-26 21:09:53.572019200
799.0,,,2023-01-10 12:09:55.387782400
799.0,b,campaign_5,2022-12-24 10:34:36.636534400
799.0,b,campaign_10,2023-02-13 03:55:35.489689600
799.0,a,campaign_1,2023-02-14 09:25:16.879379200
799.0,,,2023-01-11 19:15:59.124985600
641.0,b,campaign_4,2023-01-13 12:21:42.234361600
641.0,,,2023-01-12 23:13:10.658745600
641.0,,,2023-02-14 14:38:01.716400000
641.0,,,2023-03-10 18:51:18.615078399
641.0,a,campaign_2,2023-03-23 12:48:01.778566400
1481.0,,,2023-02-10 14:05:55.460950400
1481.0,,,2023-01-23 06:59:38.413827200
1481.0,,,2023-03-16 08:24:49.056835200
1481.0,b,campaign_7,2023-01-18 19:48:09.429302400
1481.0,b,campaign_8,2023-02-02 17:59:36.065360000
750.0,,,2023-03-02 03:03:11.176492800
1125.0,b,campaign_9,2023-01-09 12:21:47.326576000
1125.0,,,2023-02-04 17:14:59.745459200
517.0,,,2022-12-27 07:36:17.408745600
517.0,,,2023-03-05 17:45:39.590678400
517.0,b,campaign_4,2022-12-18 19:30:42.813513600
517.0,,,2023-01-21 20:16:20.677968001
517.0,b,campaign_5,2023-04-18 15:23:52.163616000
380.0,b,campaign_9,2023-02-17 14:51:41.538137600
380.0,b,campaign_6,2023-02-04 20:57:01.478140800
380.0,,,2023-01-09 08:14:39.854092800
375.0,b,campaign_7,2023-03-07 08:20:09.323779200
375.0,,,2022-12-25 19:23:06.646860800
991.0,,,2023-02-07 16:41:42.891321600
991.0,,,2023-02-12 18:56:25.061299199
1439.0,,,2022-12-13 02:06:36.500944000
1439.0,,,2022-12-04 20:31:26.828614400
1439.0,b,campaign_8,2023-01-20 02:08:40.225744000
1112.0,a,campaign_2,2023-02-10 07:55:12.861152000
1112.0,,,2023-01-21 14:07:52.619705600
1112.0,a,campaign_2,2023-03-03 19:07:01.506992000
1452.0,b,campaign_4,2022-12-14 01:16:36.041481600
1452.0,a,campaign_3,2023-03-19 19:54:03.436572800
1452.0,b,campaign_7,2023-03-02 17:45:49.684496000
1452.0,,,2023-01-06 16:10:35.203740800
546.0,b,campaign_6,2023-02-26 00:49:41.739859200
546.0,,,2022-11-18 18:09:06.901977600
546.0,b,campaign_8,2023-01-24 15:12:19.782201600
546.0,a,campaign_1,2023-05-23 23:09:39.627158400
546.0,b,campaign_5,2023-03-19 04:27:41.539766400
402.0,,,2023-01-14 05:06:15.083929600
402.0,b,campaign_8,2023-02-23 20:02:25.408019199
1222.0,a,campaign_1,2023-02-27 23:56:53.031574400
1222.0,b,campaign_9,2023-03-04 11:23:31.670540800
1222.0,,,2022-11-29 19:31:30.657670400
1222.0,,,2023-02-21 01:17:20.954377600
170.0,b,campaign_7,2023-02-17 06:25:53.119622400
170.0,,,2023-03-26 01:48:18.079939200
170.0,b,campaign_10,2023-03-05 16:15:44.794704000
170.0,,,2023-04-01 22:20:13.745980800
170.0,,,2023-04-01 13:38:43.170969600
1004.0,,,2023-02-11 10:08:57.815036800
784.0,,,2023-01-11 10:35:34.272694400
784.0,,,2023-01-08 02:14:58.641440000
254.0,b,campaign_6,2023-01-22 13:56:11.949072000
832.0,,,2023-01-13 03:30:49.942198400
1028.0,b,campaign_9,2023-01-21 11:30:51.287881600
957.0,b,campaign_8,2023-01-13 09:43:43.576979200
1331.0,,,2023-02-09 13:16:29.412652800
1331.0,a,campaign_3,2023-01-16 12:39:41.155571200
1331.0,,,2023-03-05 17:16:15.465043200
1331.0,a,campaign_2,2023-03-17 13:58:45.791616000
1331.0,,,2022-12-29 13:04:25.338835200
1131.0,b,campaign_7,2023-02-26 07:37:06.656966400
1131.0,a,campaign_3,2022-12-08 21:51:11.362435201
1131.0,,,2023-03-24 05:11:04.665868800
1131.0,,,2023-01-22 06:16:51.734086400
1131.0,,,2022-12-26 06:59:01.667091200
10.0,b,campaign_8,2023-03-21 21:57:19.301955200
10.0,,,2023-04-28 00:59:56.775977600
10.0,,,2022-11-26 03:21:18.631507200
10.0,b,campaign_10,2022-11-30 13:22:51.754147200
78.0,,,2023-03-31 18:07:10.642185600
78.0,a,campaign_1,2022-12-10 20:18:33.994876800
78.0,b,campaign_7,2023-01-06 01:12:56.871552000
78.0,a,campaign_2,2023-01-19 06:10:43.480377600
16.0,a,campaign_3,2023-02-05 01:54:45.113740800
16.0,,,2023-03-05 15:40:23.263424000
16.0,a,campaign_3,2023-02-01 20:30:15.058803200
16.0,b,campaign_6,2023-02-01 19:50:28.058275200
16.0,,,2023-01-01 08:40:35.103334400
988.0,,,2022-10-31 10:11:37.259481600
988.0,b,campaign_6,2023-02-28 04:17:51.476304000
988.0,b,campaign_4,2023-03-31 04:26:34.448659200
933.0,,,2023-03-12 05:22:11.496038400
933.0,a,campaign_2,2023-02-10 09:58:27.393235200
933.0,,,2023-03-17 05:01:21.194294400
933.0,,,2023-02-12 20:12:29.460105600
1371.0,,,2022-12-13 17:33:56.081833600
1038.0,,,2023-02-25 15:12:24.749430400
1038.0,,,2023-01-01 20:44:20.632940800
959.0,,,2023-03-06 14:02:30.395344000
959.0,,,2023-02-16 16:37:06.695817600
959.0,,,2023-04-01 16:07:40.655641600
959.0,b,campaign_7,2023-04-26 07:59:52.434441600
959.0,b,campaign_10,2023-01-04 12:49:19.248800000
1134.0,,,2023-03-08 21:20:59.107363200
1134.0,a,campaign_2,2023-02-07 02:54:10.890944000
935.0,,,2023-03-09 00:11:08.938627200
935.0,b,campaign_8,2022-12-13 12:00:16.106076800
935.0,b,campaign_4,2023-02-07 12:28:46.674211200
935.0,b,campaign_5,2023-03-27 21:00:13.893372800
935.0,b,campaign_10,2023-02-06 01:29:24.094512000
1146.0,,,2023-01-16 00:49:14.493904001
1146.0,b,campaign_10,2023-03-12 19:21:25.078489600
1146.0,,,2023-02-23 16:42:51.272348800
1146.0,,,2023-01-25 21:47:28.401443200
718.0,b,campaign_5,2023-02-01 22:10:51.796355200
718.0,b,campaign_4,2023-04-03 03:35:54.778412800
718.0,b,campaign_9,2023-03-09 17:48:20.985289600
718.0,b,campaign_9,2022-12-23 00:15:44.149539200
1069.0,,,2023-01-16 22:42:22.176489600
1069.0,a,campaign_1,2023-01-15 11:34:19.959270400
1069.0,b,campaign_5,2023-01-26 07:18:39.982278400
1069.0,b,campaign_9,2023-02-26 10:45:54.668390400
1069.0,b,campaign_5,2023-04-07 07:02:34.666355200
55.0,b,campaign_8,2023-02-17 14:52:28.803913600
55.0,b,campaign_9,2022-12-22 11:37:13.204649600
55.0,,,2023-01-11 19:37:34.782934400
55.0,b,campaign_4,2023-02-05 13:37:54.378838400
55.0,,,2023-01-09 14:45:59.628332800
377.0,a,campaign_1,2023-01-22 03:10:03.028176000
377.0,b,campaign_10,2022-12-22 00:07:05.010566400
377.0,,,2022-12-09 13:09:54.210998400
377.0,b,campaign_6,2023-02-11 16:45:54.900729600
377.0,,,2022-12-06 02:26:01.334265600
516.0,,,2023-01-27 20:17:58.488531200
516.0,b,campaign_6,2023-03-03 21:40:54.649356800
516.0,b,campaign_9,2023-02-13 01:39:39.132675200
395.0,,,2023-02-22 12:32:15.407302400
395.0,,,2023-02-08 07:12:14.169728000
395.0,,,2023-03-27 17:51:31.506089600
395.0,,,2023-02-23 23:48:05.553862401
1407.0,b,campaign_6,2023-01-10 20:36:08.755737600
1320.0,b,campaign_4,2023-04-19 15:06:10.480096000
1320.0,b,campaign_4,2023-03-11 23:53:59.991683200
1320.0,b,campaign_9,2022-12-22 05:13:53.286073600
1320.0,,,2022-12-27 11:20:50.382851200
1320.0,,,2023-02-24 06:57:53.709760000
1292.0,a,campaign_1,2023-03-09 04:38:45.593980800
21.0,b,campaign_10,2022-12-23 16:15:39.779952001
971.0,,,2023-02-13 19:20:52.762041600
503.0,,,2023-02-06 03:45:45.781241600
503.0,,,2023-03-04 04:07:06.333353600
503.0,,,2023-03-05 17:03:10.581132800
835.0,a,campaign_2,2023-01-05 03:18:49.697548800
835.0,a,campaign_3,2022-12-09 10:24:13.630617600
835.0,b,campaign_4,2023-02-18 22:35:46.291209600
835.0,a,campaign_2,2023-01-15 17:58:00.273888000
967.0,,,2023-01-03 06:59:39.877523200
967.0,b,campaign_8,2022-12-27 08:13:16.224582400
967.0,a,campaign_3,2023-01-15 21:01:51.867872001
967.0,b,campaign_5,2023-03-16 04:06:12.297891200
343.0,,,2023-03-07 01:50:25.118316800
343.0,b,campaign_9,2023-03-20 19:19:15.358179200
343.0,,,2022-12-25 12:39:48.189584000
343.0,b,campaign_6,2023-03-13 18:47:25.836272000
343.0,b,campaign_10,2023-03-04 03:55:16.161024000
1378.0,,,2023-03-13 19:30:59.874032000
1378.0,a,campaign_2,2023-02-10 17:08:57.165056000
1378.0,,,2023-02-16 10:05:22.889539200
701.0,,,2023-01-19 18:12:15.408960000
701.0,b,campaign_8,2022-11-06 01:59:56.918086400
953.0,,,2023-03-17 05:44:58.319817600
953.0,,,2023-01-17 20:14:33.246329600
1202.0,,,2023-03-07 09:21:15.783811200
1202.0,,,2023-01-28 13:05:52.886083200
1202.0,,,2023-02-22 12:57:06.264345600
1202.0,,,2023-04-07 13:15:08.917430400
212.0,,,2022-12-15 11:31:57.162547200
212.0,b,campaign_8,2023-02-23 06:24:32.513616000
212.0,,,2023-05-02 05:14:43.521158400
212.0,b,campaign_5,2023-01-20 22:57:56.071420800
383.0,a,campaign_1,2023-02-20 05:08:14.590019200
383.0,a,campaign_3,2023-02-02 02:06:47.683884799
596.0,b,campaign_7,2023-02-03 22:24:38.971718400
596.0,b,campaign_8,2023-05-08 17:23:16.820982400
596.0,,,2023-02-23 22:22:24.833814400
542.0,b,campaign_7,2022-12-17 18:31:53.958496000
542.0,b,campaign_5,2023-03-31 13:51:32.382742400
542.0,,,2022-12-27 10:55:29.922275200
542.0,b,campaign_4,2022-12-24 18:55:03.462678400
542.0,,,2023-01-21 05:26:29.677782400
1183.0,b,campaign_9,2023-01-17 06:25:03.641782400
1183.0,,,2023-01-17 22:17:04.651276801
433.0,b,campaign_8,2022-12-14 03:46:41.701036800
433.0,,,2023-02-22 04:52:04.555564800
166.0,b,campaign_7,2022-11-24 19:57:04.831468800
562.0,b,campaign_6,2023-02-12 23:19:22.970054400
562.0,a,campaign_1,2022-12-01 03:21:30.422332800
562.0,b,campaign_8,2023-03-06 15:07:19.526115200
1291.0,b,campaign_9,2023-02-20 20:42:04.243110400
1291.0,,,2022-11-29 07:00:14.658307200
1291.0,,,2022-12-19 04:31:55.884211200
1291.0,a,campaign_3,2023-04-15 11:39:45.199244800
359.0,,,2023-02-14 15:53:54.896985600
359.0,b,campaign_9,2022-12-20 06:34:31.130480000
978.0,,,2023-02-06 19:24:05.221203200
978.0,,,2023-02-20 06:21:14.059232000
978.0,,,2023-01-26 03:03:14.097910400
286.0,,,2023-01-14 12:22:07.491516800
286.0,a,campaign_2,2023-04-13 07:35:49.534409600
286.0,,,2023-01-06 00:20:37.051539201
286.0,b,campaign_5,2023-01-15 18:58:47.620947200
839.0,a,campaign_3,2023-03-22 09:04:35.439424000
839.0,b,campaign_6,2023-01-31 11:00:59.873814400
839.0,,,2023-02-12 00:43:01.731260800
839.0,,,2023-05-01 12:09:08.013580800
839.0,,,2023-01-13 10:50:35.080377600
12.0,a,campaign_2,2022-12-16 13:32:14.019360000
12.0,b,campaign_8,2023-01-15 05:01:19.422134400
12.0,b,campaign_10,2023-01-19 11:21:18.537148800
1047.0,b,campaign_6,2023-01-20 14:13:44.988051200
1047.0,b,campaign_6,2023-01-29 22:44:06.948972800
1047.0,,,2023-03-31 15:15:04.696144000
1047.0,,,2023-01-09 03:00:44.164496000
1475.0,b,campaign_9,2022-12-20 11:35:10.136009600
1475.0,,,2023-01-20 19:54:59.383856000
1475.0,a,campaign_1,2023-02-24 05:01:05.496633600
1475.0,a,campaign_1,2023-01-15 06:06:42.008470400
1475.0,b,campaign_5,2022-12-16 23:08:29.899491200
1440.0,,,2023-01-28 00:45:24.186339200
1440.0,,,2023-01-21 10:51:49.835136000
671.0,b,campaign_8,2023-03-02 23:57:32.054726400
671.0,b,campaign_9,2023-03-07 02:29:56.393558400
876.0,b,campaign_5,2023-02-10 01:08:16.706947200
487.0,,,2023-01-24 07:49:22.622883200
487.0,b,campaign_5,2023-03-01 23:38:47.172326400
487.0,,,2023-01-21 16:56:35.666147200
487.0,a,campaign_3,2023-01-15 22:43:08.864777600
487.0,,,2023-02-26 13:28:49.519392000
660.0,a,campaign_3,2023-01-13 17:17:45.441094400
660.0,,,2023-02-06 16:47:51.720416000
660.0,,,2023-02-21 18:36:13.671759999
660.0,,,2022-12-23 03:32:41.033715200
660.0,,,2023-03-04 13:59:10.519865600
1099.0,b,campaign_8,2023-02-04 04:27:58.213852800
544.0,,,2023-02-05 20:48:46.471049600
1460.0,,,2022-12-07 16:08:07.588544000
155.0,b,campaign_8,2023-02-28 23:02:14.858972800
216.0,,,2023-01-22 07:22:57.035004800
216.0,,,2023-01-16 04:19:17.151843200
216.0,a,campaign_1,2023-04-04 18:48:45.331875200
216.0,,,2023-01-09 01:14:46.941804800
216.0,a,campaign_3,2023-01-28 07:28:07.564639999
1167.0,b,campaign_10,2023-01-22 22:09:13.136508800
1167.0,,,2022-12-06 08:28:23.187251200
621.0,a,campaign_1,2023-03-01 17:50:22.714352000
621.0,,,2023-03-23 21:54:57.617369599
621.0,,,2023-01-09 21:33:55.674905600
621.0,a,campaign_1,2023-01-09 03:45:45.851532800
621.0,b,campaign_8,2023-02-27 06:46:02.276009600
244.0,,,2022-12-07 15:44:22.245030400
244.0,b,campaign_10,2022-12-02 01:16:17.173580800
244.0,,,2022-10-29 01:53:53.416019201
244.0,b,campaign_8,2023-01-17 19:21:05.092508800
324.0,,,2023-02-26 16:47:18.915078400
324.0,,,2023-01-03 10:41:53.838361600
324.0,,,2023-03-06 07:59:04.255302400
848.0,,,2023-01-17 02:24:56.710409600
848.0,,,2023-02-09 08:43:43.729942400
1240.0,b,campaign_7,2022-12-25 07:19:44.991251201
1240.0,b,campaign_8,2023-02-15 06:21:27.338070400
1240.0,b,campaign_6,2023-03-05 03:11:23.118896000
1240.0,b,campaign_5,2023-04-02 00:56:08.728758400
882.0,,,2023-02-23 18:55:55.211865600
882.0,,,2023-03-19 06:26:08.436611200
90.0,,,2023-02-24 20:10:19.366358400
389.0,a,campaign_2,2023-02-13 10:21:41.624707200
389.0,b,campaign_5,2023-02-01 03:59:31.630627200
760.0,b,campaign_4,2023-01-15 12:53:21.550035200
760.0,b,campaign_5,2023-01-08 12:53:26.962540800
760.0,b,campaign_9,2023-02-12 07:01:04.213545600
805.0,b,campaign_7,2023-01-23 17:52:15.537468800
805.0,b,campaign_7,2023-04-15 09:15:30.654963200
805.0,,,2022-12-18 12:45:39.405760000
805.0,b,campaign_6,2022-12-28 06:43:37.160931200
805.0,a,campaign_1,2023-01-04 00:22:33.801449600
616.0,,,2023-01-05 10:35:19.794563200
616.0,b,campaign_6,2022-11-26 14:48:26.680691200
431.0,b,campaign_10,2023-03-13 22:41:27.949894400
431.0,,,2023-01-16 18:20:25.423900800
144.0,b,campaign_4,2023-03-20 09:51:47.530499200
144.0,a,campaign_1,2023-02-01 04:23:22.766684800
144.0,,,2023-01-18 05:59:22.449516800
555.0,a,campaign_2,2023-04-19 09:07:14.719020800
555.0,,,2022-11-29 10:35:37.986841601
555.0,a,campaign_2,2022-11-29 08:42:30.668166400
555.0,,,2022-11-16 23:06:06.966444800
555.0,a,campaign_1,2023-03-12 05:46:59.643299200
1049.0,b,campaign_9,2023-01-10 19:24:24.771545600
271.0,,,2023-03-29 23:56:03.770544000
271.0,,,2022-12-17 23:36:13.420896000
580.0,b,campaign_4,2023-01-24 20:04:13.825696000
580.0,b,campaign_10,2023-01-24 09:46:35.535344000
580.0,,,2023-03-31 06:16:19.713977600
580.0,b,campaign_10,2022-11-19 20:45:16.984115200
591.0,a,campaign_2,2023-02-15 02:46:01.371171200
591.0,,,2023-02-08 03:05:03.646681600
591.0,a,campaign_2,2023-01-02 19:27:44.856160000
573.0,a,campaign_2,2023-02-09 17:48:02.363695999
573.0,,,2022-12-19 15:45:52.328096000
519.0,,,2023-02-10 11:38:28.639651200
519.0,b,campaign_10,2023-02-01 16:44:42.834566400
519.0,,,2023-05-05 00:27:10.975942400
646.0,b,campaign_7,2023-02-10 07:39:38.946665600
406.0,b,campaign_4,2022-11-09 22:48:04.127404800
406.0,a,campaign_1,2023-01-11 06:08:55.937203200
781.0,a,campaign_3,2023-01-12 14:38:05.055785600
781.0,b,campaign_8,2022-12-05 17:35:39.952947200
1093.0,,,2023-05-04 18:21:41.478393600
1093.0,b,campaign_5,2023-03-03 10:18:56.643881600
184.0,,,2022-12-18 02:26:06.144249600
184.0,,,2022-12-16 17:58:46.988275200
184.0,a,campaign_2,2023-01-04 05:04:54.450038400
1075.0,a,campaign_2,2023-02-03 05:36:31.460406400
1075.0,b,campaign_10,2023-02-27 18:19:56.292793600
511.0,a,campaign_2,2022-12-25 04:38:38.721603200
511.0,,,2022-12-24 05:24:28.899814401
511.0,,,2023-01-11 04:29:43.181052800
511.0,b,campaign_9,2023-02-18 05:27:49.228668800
511.0,,,2023-01-10 14:41:05.270748800
1164.0,a,campaign_1,2023-01-18 04:55:44.656252800
1164.0,b,campaign_5,2023-02-09 16:39:48.956995200
1164.0,b,campaign_7,2023-02-13 08:44:07.975324800
96.0,,,2023-01-21 04:14:03.589705600
96.0,a,campaign_3,2023-01-04 21:29:54.894803200
96.0,b,campaign_6,2022-12-23 18:23:54.155363200
96.0,,,2022-11-04 08:43:48.540121600
96.0,b,campaign_9,2022-12-17 04:56:51.576774400
1152.0,a,campaign_2,2023-03-22 07:30:46.560208000
892.0,,,2022-12-28 22:06:24.861865600
892.0,b,campaign_7,2023-01-03 13:59:02.419676799
892.0,b,campaign_10,2022-12-05 11:19:26.765910400
892.0,,,2022-12-23 17:47:29.813027200
892.0,a,campaign_1,2022-12-11 06:44:04.232723200
1059.0,,,2023-02-22 21:13:03.235148800
1059.0,,,2023-01-05 17:11:19.349235200
1059.0,,,2023-02-18 05:56:44.950284800
1059.0,a,campaign_3,2023-02-28 23:59:22.803948800
179.0,,,2022-11-20 01:39:20.055827200
179.0,,,2023-01-18 05:48:10.738566400
179.0,,,2022-10-18 16:22:28.858825600
179.0,a,campaign_2,2023-01-01 16:20:20.191366400
932.0,,,2023-02-01 11:33:03.194281600
932.0,a,campaign_3,2023-01-06 22:36:28.735964800
932.0,b,campaign_5,2023-02-23 04:20:32.389052800
932.0,,,2023-02-02 10:53:14.081958400
932.0,,,2023-02-24 22:26:54.626454400
925.0,,,2023-03-04 02:09:22.360435200
925.0,,,2023-02-24 15:05:42.498563200
925.0,,,2023-03-27 23:00:58.155091200
925.0,b,campaign_5,2022-12-22 21:57:40.586435200
944.0,,,2023-01-07 14:36:37.298278400
944.0,,,2023-02-24 22:00:29.399907200
944.0,b,campaign_7,2023-04-06 22:42:49.416396800
944.0,b,campaign_5,2022-12-31 17:50:40.387385600
944.0,,,2023-02-04 13:15:17.095539200
205.0,,,2022-11-14 02:07:03.098028800
890.0,a,campaign_2,2023-01-12 01:16:13.946179200
890.0,b,campaign_4,2023-03-01 15:13:50.348400000
492.0,a,campaign_3,2022-12-10 05:10:26.165382400
492.0,b,campaign_6,2023-02-28 16:36:21.396051200
492.0,b,campaign_8,2023-02-03 09:44:44.925632000
492.0,b,campaign_4,2023-02-15 17:35:04.287472000
1448.0,,,2023-05-18 16:01:41.751561600
1448.0,,,2022-11-20 02:07:35.142374400
1448.0,,,2022-12-10 08:14:11.574432000
1448.0,,,2023-02-19 13:43:02.200185600
1448.0,,,2023-03-03 16:07:52.996896000
1423.0,,,2022-12-30 14:09:40.879718400
1423.0,,,2023-02-12 02:09:43.590345599
681.0,b,campaign_8,2023-01-08 02:39:38.296608000
328.0,,,2023-02-14 07:37:44.597910400
328.0,,,2023-03-20 09:15:27.466988800
328.0,,,2023-03-06 09:34:52.478627200
430.0,a,campaign_3,2023-01-13 18:27:29.775340800
430.0,b,campaign_10,2023-01-18 23:36:38.997734400
430.0,b,campaign_4,2023-02-01 02:44:57.096499200
430.0,,,2023-02-02 04:06:51.595113600
430.0,b,campaign_8,2022-11-29 14:12:47.715897600
1105.0,b,campaign_10,2022-12-30 10:37:39.358841600
823.0,,,2023-03-29 10:50:19.521379200
376.0,,,2023-02-15 04:40:26.037299200
376.0,b,campaign_7,2023-01-19 12:50:50.231478400
376.0,a,campaign_2,2023-02-10 18:30:27.589052800
376.0,,,2023-04-29 22:13:15.272809600
376.0,,,2023-02-16 18:07:50.869120000
18.0,,,2023-01-28 16:15:42.195097600
18.0,b,campaign_10,2023-01-14 00:25:46.623030400
18.0,,,2023-01-26 08:58:50.107110400
206.0,,,2022-12-11 05:01:39.958057600
206.0,,,2023-03-07 15:12:36.869961600
206.0,,,2023-03-01 14:50:30.594019200
206.0,b,campaign_8,2023-02-20 11:24:57.045036800
1435.0,b,campaign_10,2023-03-06 09:41:44.538656000
1435.0,,,2023-04-06 21:14:59.267488000
530.0,,,2023-03-28 13:01:32.678060800
530.0,b,campaign_8,2023-03-07 08:17:09.189894400
530.0,b,campaign_10,2023-02-01 02:53:01.802047999
464.0,b,campaign_7,2023-03-08 10:34:47.171001600
464.0,b,campaign_6,2023-04-13 10:00:48.747897600
464.0,b,campaign_9,2023-02-05 16:25:20.946873599
464.0,,,2023-01-21 20:00:22.491571200
464.0,,,2022-12-31 03:15:11.061513600
923.0,b,campaign_8,2023-01-12 05:03:28.024899200
923.0,b,campaign_7,2023-04-07 07:28:08.099033600
923.0,,,2023-01-16 05:36:04.930608000
923.0,,,2023-04-01 22:54:10.069824000
691.0,a,campaign_2,2022-12-30 11:12:40.714854400
691.0,b,campaign_7,2023-03-05 17:52:37.329987200
691.0,b,campaign_4,2023-01-09 19:20:37.797027200
691.0,,,2023-03-10 21:51:31.501510400
1192.0,,,2023-02-11 15:09:57.264188800
1192.0,b,campaign_8,2023-03-07 15:19:20.130467200
1192.0,,,2022-12-24 17:15:32.907942400
1192.0,b,campaign_6,2023-04-01 01:07:02.789180800
1313.0,,,2023-02-05 04:17:04.398937599
1313.0,,,2023-02-08 23:27:18.141193600
1313.0,b,campaign_7,2023-01-14 02:46:33.740070400
627.0,b,campaign_4,2023-01-25 19:42:34.973219200
627.0,b,campaign_4,2023-01-02 15:12:27.246985600
1040.0,,,2023-03-31 06:47:33.847600000
1040.0,b,campaign_10,2023-01-09 00:25:34.221273600
1040.0,,,2023-02-02 04:33:37.122694400
1040.0,,,2022-12-21 14:36:05.691350400
1040.0,a,campaign_2,2022-12-28 09:18:00.686649600
619.0,,,2023-02-13 14:52:24.537830400
619.0,,,2023-04-11 15:45:00.482956800
619.0,a,campaign_1,2023-01-24 16:39:06.150678400
1205.0,b,campaign_5,2023-03-02 14:27:30.773299200
1205.0,,,2022-12-28 16:07:16.767216000
1205.0,b,campaign_4,2023-02-26 01:28:42.971657600
1205.0,,,2023-02-11 07:43:54.941023999
1205.0,a,campaign_1,2023-01-11 04:18:16.577705600
1248.0,b,campaign_10,2023-04-05 00:16:16.654332800
1248.0,,,2023-01-07 12:58:52.614944000
1248.0,b,campaign_5,2023-03-07 01:02:33.556710399
1248.0,,,2023-01-16 01:13:08.875712000
1248.0,,,2023-04-18 03:00:28.219068800
847.0,,,2022-12-15 08:54:06.430112000
847.0,b,campaign_5,2022-11-22 11:59:13.523187200
847.0,b,campaign_9,2022-12-07 18:22:11.107100800
847.0,b,campaign_7,2023-03-25 03:36:39.304240000
847.0,,,2023-02-15 00:23:51.756857600
1063.0,b,campaign_7,2023-01-12 12:59:21.676332800
1063.0,,,2023-01-15 10:08:32.457411200
531.0,b,campaign_7,2022-10-04 10:53:17.233081600
531.0,b,campaign_5,2023-01-16 00:58:25.363104000
531.0,b,campaign_9,2022-12-17 16:03:05.593897600
531.0,,,2023-02-04 07:39:30.067824000
980.0,,,2023-03-20 20:40:17.839724800
980.0,b,campaign_10,2023-02-09 19:59:21.131254400
980.0,,,2022-12-28 11:38:39.579078400
980.0,a,campaign_3,2023-02-20 19:39:11.808339200
980.0,,,2023-02-06 13:28:35.400870400
1226.0,,,2023-04-12 11:55:08.976982400
1226.0,b,campaign_8,2023-02-20 20:48:24.478092800
1226.0,,,2023-01-26 10:35:17.034252800
1015.0,a,campaign_2,2023-01-13 21:25:23.248572800
1015.0,,,2022-12-01 21:09:38.494294400
1015.0,,,2023-02-18 02:17:38.329200000
1015.0,,,2023-02-22 01:46:31.206704000
1015.0,a,campaign_2,2023-02-09 03:23:34.558588800
281.0,a,campaign_2,2022-11-27 03:24:40.894032000
281.0,,,2023-01-18 06:56:21.834777600
281.0,,,2023-01-06 08:07:31.127395200
281.0,b,campaign_6,2023-02-23 06:30:12.478483200
1195.0,,,2022-12-18 08:27:16.439324800
1195.0,b,campaign_9,2023-02-24 02:34:29.534963200
1188.0,,,2023-01-05 20:40:20.167193600
1188.0,,,2023-01-11 05:34:21.621622400
1188.0,a,campaign_2,2022-11-27 02:58:09.779926400
1188.0,b,campaign_10,2023-02-16 06:56:46.211456000
1157.0,,,2023-02-23 11:34:02.149987200
1157.0,a,campaign_3,2023-02-22 20:21:41.033164800
1157.0,b,campaign_8,2023-01-11 10:48:30.254476800
141.0,b,campaign_8,2023-01-20 23:51:26.732835200
141.0,,,2022-12-25 23:05:59.303926400
141.0,a,campaign_2,2023-02-20 09:18:06.560873600
141.0,b,campaign_8,2023-01-31 21:45:09.254844800
141.0,a,campaign_3,2023-04-05 12:41:39.849977600
1413.0,,,2022-12-17 02:24:22.810211200
1413.0,,,2022-11-21 19:17:22.279721600
1413.0,,,2022-12-11 00:19:29.599657600
845.0,b,campaign_4,2023-03-02 11:37:40.063484800
161.0,b,campaign_9,2023-02-05 12:48:43.828787200
161.0,a,campaign_1,2023-01-25 10:43:52.573206400
161.0,,,2022-12-10 02:58:11.779158400
94.0,b,campaign_6,2022-12-12 19:54:32.231289600
94.0,,,2023-01-19 00:50:34.907222400
94.0,,,2023-03-07 14:16:06.464323200
94.0,,,2023-05-16 04:33:36.044064000
1269.0,b,campaign_6,2023-02-05 20:43:48.382150400
1269.0,b,campaign_4,2023-01-02 18:38:17.336969600
618.0,,,2023-01-04 05:35:27.443811200
618.0,b,campaign_8,2023-01-14 11:40:46.669865600
618.0,,,2023-02-15 13:41:17.099830399
618.0,b,campaign_5,2023-02-28 09:53:09.460198400
970.0,,,2022-12-19 03:37:00.260774400
970.0,b,campaign_7,2023-02-15 22:50:39.125238400
970.0,a,campaign_3,2023-02-23 16:22:19.946928000
1281.0,,,2023-03-13 16:54:33.173904000
1281.0,a,campaign_1,2023-02-16 04:02:31.861238400
1281.0,,,2022-12-04 08:08:52.467436800
1127.0,,,2022-12-06 14:23:16.153939200
1127.0,b,campaign_10,2023-02-27 12:48:27.757779200
1127.0,a,campaign_3,2023-03-28 18:27:33.866460800
1127.0,b,campaign_5,2023-03-04 15:01:14.459081600
1051.0,b,campaign_9,2023-03-01 04:03:46.577916800
1051.0,b,campaign_9,2023-01-13 08:16:12.311356800
1051.0,,,2023-04-08 12:13:20.324950400
1051.0,,,2022-12-25 05:39:13.513334400
758.0,a,campaign_2,2023-02-14 10:19:43.780022400
758.0,b,campaign_7,2022-12-18 18:11:46.550630400
758.0,,,2023-02-20 10:11:45.082816000
758.0,,,2023-02-10 23:32:19.798374400
758.0,b,campaign_7,2023-01-05 16:41:02.880793600
1396.0,,,2023-03-03 20:30:57.978998400
1396.0,,,2023-01-25 14:12:55.169936000
1396.0,,,2023-05-19 21:14:13.673203200
1396.0,b,campaign_10,2022-11-20 07:17:20.257548800
1396.0,b,campaign_6,2023-02-19 08:24:00.424361600
1002.0,,,2023-02-11 23:50:46.559392000
1002.0,a,campaign_1,2022-12-26 10:05:08.553020800
1182.0,a,campaign_1,2023-04-14 18:50:09.559129600
1182.0,a,campaign_2,2023-02-18 18:00:36.538531200
1182.0,a,campaign_3,2023-01-26 18:08:51.500576000
1182.0,b,campaign_8,2023-01-11 04:09:21.038140800
368.0,,,2023-03-02 23:35:08.287344000
368.0,,,2023-03-11 23:35:16.091459200
54.0,,,2023-01-28 21:08:26.301302400
54.0,a,campaign_3,2023-01-11 21:50:55.076246400
54.0,,,2023-02-01 10:07:52.548627200
54.0,b,campaign_7,2023-01-24 18:54:18.023427200
54.0,b,campaign_10,2023-01-21 02:44:07.241132800
1158.0,,,2023-01-14 13:49:26.589971200
1158.0,b,campaign_9,2023-01-09 02:36:16.048489600
1144.0,,,2022-12-29 03:11:15.278889600
1144.0,a,campaign_2,2022-11-30 01:48:19.309891200
1144.0,,,2022-12-27 21:48:51.629145600
1144.0,,,2023-01-28 15:49:55.552617600
1144.0,,,2023-01-12 18:59:36.052083200
247.0,,,2023-04-09 01:29:25.434371200
247.0,,,2023-01-24 14:14:31.960854400
1078.0,b,campaign_9,2023-01-25 09:46:02.934624001
1078.0,,,2023-01-18 14:20:54.671222400
950.0,b,campaign_4,2023-01-02 21:23:32.913865600
589.0,,,2023-02-16 10:14:21.528844800
589.0,a,campaign_3,2023-03-28 06:37:01.548598400
589.0,,,2022-12-21 09:36:55.402560000
589.0,b,campaign_10,2023-02-01 03:01:19.799907200
362.0,b,campaign_9,2022-11-28 13:14:47.519728000
362.0,,,2023-01-11 07:49:09.105587200
362.0,b,campaign_9,2022-12-20 07:46:15.359584000
362.0,,,2022-11-30 10:58:42.439273600
289.0,,,2023-03-08 12:11:44.267318400
1149.0,,,2023-02-18 12:32:29.796265600
1149.0,a,campaign_3,2023-03-18 12:36:58.541305600
1149.0,b,campaign_10,2023-02-27 10:32:51.735932800
510.0,,,2022-12-27 09:14:58.848678400
510.0,,,2023-01-29 18:34:20.070371200
510.0,,,2022-12-31 00:28:45.625734400
467.0,a,campaign_3,2023-01-16 17:37:26.009948800
145.0,a,campaign_2,2023-03-02 23:30:31.607753600
145.0,,,2023-04-20 00:44:25.129491200
145.0,a,campaign_3,2023-02-27 00:00:00.567420800
145.0,,,2023-03-26 13:29:17.654336000
145.0,b,campaign_8,2023-01-31 11:35:01.403264000
111.0,,,2023-01-14 04:10:13.398454400
111.0,b,campaign_7,2022-12-11 10:33:24.761849601
111.0,,,2023-01-21 00:02:59.226662400
111.0,b,campaign_4,2023-02-10 23:06:40.757788800
111.0,,,2023-01-21 22:42:56.916406400
850.0,b,campaign_7,2023-02-14 07:55:25.843884800
850.0,,,2023-02-23 01:28:56.814896000
850.0,b,campaign_4,2023-01-18 15:24:45.753420800
100.0,a,campaign_3,2023-03-09 08:57:19.661305600
100.0,,,2023-01-20 14:01:49.643564800
100.0,b,campaign_9,2022-12-22 12:16:36.637705600
1034.0,,,2023-01-17 07:40:11.746166400
1034.0,a,campaign_3,2023-02-11 03:21:54.585196800
1034.0,,,2023-01-02 01:31:10.092124800
1034.0,b,campaign_5,2023-03-24 10:44:11.476531200
1327.0,,,2023-03-18 15:28:54.964992000
1327.0,,,2023-03-01 22:31:16.590172800
1327.0,b,campaign_6,2023-02-13 20:46:33.926217600
869.0,,,2023-01-27 16:31:17.206656000
869.0,b,campaign_5,2023-01-15 09:47:06.580108800
869.0,b,campaign_9,2023-03-07 21:35:59.603040000
869.0,,,2023-02-20 18:30:05.184883200
869.0,b,campaign_10,2022-12-29 07:21:02.435923200
1326.0,,,2022-12-29 00:41:20.606006400
1326.0,,,2023-02-21 12:18:43.470777600
1326.0,,,2022-12-20 13:25:53.351155200
1326.0,,,2022-12-14 12:51:06.433459200
1326.0,,,2022-10-17 05:12:04.250822400
620.0,,,2023-03-22 02:37:15.097622400
620.0,,,2023-01-03 19:44:01.016492801
620.0,,,2023-02-01 16:22:54.147430400
620.0,,,2023-02-19 19:22:02.601449600
979.0,b,campaign_9,2022-11-28 08:55:33.216025600
979.0,b,campaign_6,2023-04-12 08:34:58.723929600
979.0,b,campaign_4,2023-01-19 09:58:04.480480000
19.0,,,2023-04-19 23:23:53.597545600
19.0,,,2022-12-31 02:33:28.486646400
19.0,,,2023-04-19 06:42:09.471859200
19.0,,,2023-01-20 02:39:59.212771200
868.0,,,2023-01-08 04:00:25.681513600
868.0,b,campaign_9,2023-02-14 18:53:30.268672000
